	start	game_id	sqw_home_team_id	sqw_away_team_id	team_id	short_name	first_name	last_name	goal	start_x	start_y	degree	distance	shot_headed	crosses	corner	pass_throw_in	pass_long_ball	pass_through_ball	pass_headed	predict
0	2015	10947	133	131	131	Lyon	Mathieu	Valbuena	0	86.3	72.6	148.775978901	26.4282046307	0	1	1	0	0	0	0	0.0185562555549
1	2015	10947	133	131	131	Lyon	Alexandre	Lacazette	0	90.5	43.0	53.6156481842	11.8004237212	0	1	0	0	0	0	0	0.252413067436
2	2015	10947	133	131	131	Lyon	Rachid	Ghezzal	0	86.0	61.1	128.409391232	17.8664490036	0	0	0	0	0	0	0	0.118829128213
3	2015	10947	133	131	131	Lyon	Christophe	Jallet	0	90.5	45.4	64.163245776	10.5550935571	1	1	1	0	0	0	0	0.0739868185587
4	2015	10947	133	131	131	Lyon	Corentin	Tolisso	0	80.0	69.5	134.274775701	27.9329554469	0	0	0	0	0	0	0	0.0263969573139
5	2015	10947	133	131	131	Lyon	Alexandre	Lacazette	0	88.0	59.8	129.237367113	15.4932243255	0	0	0	0	0	0	0	0.164674181899
6	2015	10947	133	131	131	Lyon	Samuel	Umtiti	0	73.8	62.4	115.327371945	28.9862036148	0	1	1	0	0	0	0	0.0121304468235
7	2015	10947	133	131	131	Lyon	Claudio	Beauvue	0	87.0	24.2	26.7424369246	28.8901367252	0	0	0	0	0	0	0	0.0211558147102
8	2015	10947	133	131	131	Lyon	Jordan	Ferri	0	80.3	46.4	79.6439737507	20.026232796	0	0	0	0	0	0	0	0.0845501517449
9	2015	10947	133	131	131	Lyon	Sergi	Darder	0	84.4	31.5	40.1390348269	24.1993801574	0	0	0	0	0	0	0	0.0441134249556
10	2015	10947	133	131	131	Lyon	Sergi	Darder	0	74.3	50.3	90.668791953	25.7017509131	0	1	0	0	0	0	0	0.0362210773352
11	2015	10947	133	131	131	Lyon	Rafael Pereira	da Silva	1	92.5	46.4	64.3589941757	8.31925477432	0	1	1	0	0	0	0	0.243594155449
12	2015	10947	133	131	131	Lyon	Rafael Pereira	da Silva	0	70.6	47.2	84.559667969	29.5330323536	0	0	0	0	0	0	0	0.0198890960548
13	2015	10947	133	131	131	Lyon	Mathieu	Valbuena	0	80.7	78.5	145.894418392	34.4200522951	0	0	0	0	0	0	0	0.0096018260361
14	2015	10947	133	131	131	Lyon	Mathieu	Valbuena	0	87.9	32.9	35.2833141822	20.9480309337	0	0	0	0	0	0	0	0.0717725462469
15	2015	10947	133	131	131	Lyon	Mathieu	Valbuena	0	72.9	62.6	114.935820062	29.8859498762	0	0	0	0	0	0	0	0.0192080123442
16	2015	10947	133	131	131	Lyon	Mathieu	Valbuena	0	76.6	34.2	55.9722402378	28.2347303865	0	0	0	0	0	0	0	0.0238998199119
17	2015	10947	133	131	131	Lyon	Rachid	Ghezzal	0	85.3	36.7	47.8624052261	19.8237231619	0	0	0	0	0	0	0	0.0853699693235
18	2015	10947	133	131	133	Monaco	Ivan	Cavaleiro	0	87.0	71.1	148.36220657	24.7832604796	0	1	0	0	0	0	0	0.0433182523316
19	2015	10947	133	131	133	Monaco	Ivan	Cavaleiro	0	70.4	73.4	128.327800003	37.7322143533	0	0	0	1	0	0	0	0.00561124935735
20	2015	10947	133	131	133	Monaco	Bernardo	Silva	0	94.6	31.7	16.4403795217	19.0800943394	0	1	0	0	0	0	0	0.0932752224808
21	2015	10947	133	131	133	Monaco	Thomas	Lemar	0	73.2	26.8	49.118189704	35.4468616382	0	0	0	0	0	0	0	0.00764067122859
22	2015	10947	133	131	133	Monaco	João	Moutinho	0	74.1	47.0	83.3928666978	26.0731662826	0	1	0	0	0	0	0	0.0340411836686
23	2015	10947	133	131	133	Monaco	Mario	Pasalic	0	90.2	42.9	54.0770538009	12.1016527797	1	1	0	0	0	0	0	0.102459692017
24	2015	10947	133	131	133	Monaco	João	Moutinho	0	71.5	56.4	102.65646241	29.2097586433	0	0	0	0	0	0	0	0.0211770878032
25	2015	10947	133	131	133	Monaco	Mario	Pasalic	0	90.4	45.0	62.4879973761	10.8240473022	1	1	0	0	0	0	0	0.123433677032
26	2015	10947	133	131	133	Monaco	Thomas	Lemar	0	77.0	67.5	127.266401901	28.9006920332	0	0	0	0	0	0	0	0.0225950902447
27	2015	10947	133	131	133	Monaco	Fabio Henrique	Tavares	0	95.2	31.1	14.2500326978	19.5	0	1	0	0	0	0	0	0.0876340878889
28	2015	10947	133	131	133	Monaco	Bernardo	Silva	0	79.5	31.1	47.3254544208	27.8829697127	0	0	0	0	0	0	0	0.0251008952529
29	2015	10947	133	131	133	Monaco	Mario	Pasalic	1	95.7	50.1	91.3322198539	4.30116263352	1	1	1	0	0	0	0	0.181051781135
30	2015	10943	123	142	123	Bastia	Seko	Fofana	0	76.9	58.1	109.323184318	24.4789705666	0	0	0	0	0	0	0	0.0442318299981
31	2015	10943	123	142	123	Bastia	Floyd	Ayité	0	81.9	64.8	129.272164678	23.3805474701	0	0	0	0	0	0	0	0.0529552271154
32	2015	10943	123	142	123	Bastia	Gilles	Cioni	0	80.1	36.4	55.6506315461	24.1033192735	0	0	0	0	0	0	0	0.045222435733
33	2015	10943	123	142	123	Bastia	Seko	Fofana	0	97.9	33.3	7.16723872852	16.8315180539	0	0	0	0	0	0	0	0.127703620922
34	2015	10943	123	142	123	Bastia	Gaël	Danic	0	86.2	34.9	42.4244174437	20.4560504497	0	0	0	0	0	0	0	0.0775381080701
35	2015	10943	123	142	123	Bastia	Sadio	Diallo	0	75.9	69.3	128.688789425	30.8755566751	0	0	0	0	0	0	0	0.0165986707487
36	2015	10943	123	142	142	PSG	Edinson	Cavani	0	81.5	47.9	83.5238754616	18.6188076954	0	0	0	0	0	0	0	0.103905902959
37	2015	10943	123	142	142	PSG	Zlatan	Ibrahimovic	0	70.3	40.8	72.7888847246	31.0922820005	0	0	0	0	0	0	0	0.0154484919098
38	2015	10943	123	142	142	PSG	Javier	Pastore	0	69.9	40.4	72.31059982	31.5938285113	0	0	0	0	0	0	0	0.0142713152438
39	2015	10943	123	142	142	PSG	Javier	Pastore	0	90.7	47.0	72.1213034042	9.77189848494	1	0	0	0	0	1	0	0.143612016004
40	2015	10943	123	142	142	PSG	Zlatan	Ibrahimovic	0	97.9	39.8	11.6336339989	10.4139329746	0	1	0	0	0	0	0	0.290473437097
41	2015	10943	123	142	142	PSG	Zlatan	Ibrahimovic	0	72.7	56.8	103.986850567	28.1341429583	0	0	0	0	0	0	0	0.0250703653939
42	2015	10943	123	142	142	PSG	Edinson	Cavani	0	87.7	37.4	44.3097228021	17.608236709	0	0	0	0	0	0	0	0.117117008486
43	2015	10943	123	142	142	PSG	Javier	Pastore	0	77.1	57.5	108.134186339	24.0968877659	0	1	1	0	0	0	0	0.0259913648806
44	2015	10943	123	142	142	PSG	Edinson	Cavani	0	81.8	67.8	134.363406424	25.4574154226	0	1	0	0	0	0	0	0.0387090230534
45	2015	10943	123	142	142	PSG	Zlatan	Ibrahimovic	0	93.3	57.1	136.660282369	9.76217188949	1	1	0	0	0	0	0	0.149342130472
46	2015	10943	123	142	142	PSG	Adrien	Rabiot	0	90.3	48.0	78.3497005625	9.90403957989	1	1	1	0	0	0	0	0.0821674575395
47	2015	10943	123	142	142	PSG	Zlatan	Ibrahimovic	1	95.2	41.0	28.0724869359	10.2	0	0	0	0	0	0	0	0.299930592161
48	2015	10943	123	142	142	PSG	Zlatan	Ibrahimovic	1	91.9	48.9	82.266401901	8.17435012707	0	0	0	0	0	0	0	0.380641341241
49	2015	10945	127	129	127	Guingamp	Jimmy	Briand	0	91.2	34.7	29.905937175	17.6502124633	0	0	0	0	0	0	1	0.115412528495
50	2015	10945	127	129	127	Guingamp	Yannis	Salibur	0	85.9	31.7	37.6139568487	23.1019479698	0	0	0	0	0	0	0	0.0520408167535
51	2015	10945	127	129	127	Guingamp	Jimmy	Briand	1	91.6	40.0	40.0302592719	13.0598621739	0	0	0	0	0	0	0	0.214786351609
52	2015	10945	127	129	127	Guingamp	Yannis	Salibur	0	72.9	73.6	131.050935359	35.9356369082	0	0	0	0	0	0	0	0.0074766404698
53	2015	10945	127	129	127	Guingamp	Dorian	Leveque	0	85.9	71.7	146.985414119	25.8785625567	0	1	0	0	0	0	0	0.0365857128562
54	2015	10945	127	129	127	Guingamp	Marcus	Coco	0	78.8	59.9	115.031687121	23.3976494546	0	0	0	0	0	0	0	0.0523316603881
55	2015	10945	127	129	127	Guingamp	Lars	Jacobsen	0	74.5	38.9	66.4767909795	27.8111488436	0	0	0	0	0	0	0	0.0257103364989
56	2015	10945	127	129	127	Guingamp	Nicolas	Benezet	0	75.8	69.3	128.573084133	30.9536750645	0	0	0	0	0	0	0	0.0163948998413
57	2015	10945	127	129	127	Guingamp	Yannis	Salibur	0	85.5	64.7	135.392430709	20.6480023247	0	0	0	0	0	0	0	0.0799408077208
58	2015	10945	127	129	129	Lille	Junior	Tallo	0	84.8	52.6	99.7066524093	15.420765221	0	0	0	0	0	0	0	0.163482729176
59	2015	10945	127	129	129	Lille	Florent	Balmont	0	71.0	41.9	74.3944017273	30.1099651278	0	0	0	0	0	0	0	0.0180456657846
60	2015	10945	127	129	129	Lille	Junior	Tallo	0	95.4	31.9	14.2594726482	18.6753848689	0	0	0	0	0	0	0	0.0987559039203
61	2015	10945	127	129	129	Lille	Sofiane	Boufal	0	80.7	63.0	123.963227695	23.2699376879	0	0	0	0	0	0	0	0.0536631789517
62	2015	10945	127	129	129	Lille	Lenny	Nangis	0	75.4	35.4	59.3110412626	28.606293014	0	0	0	0	0	0	0	0.0226040266982
63	2015	10945	127	129	129	Lille	Sofiane	Boufal	1	93.3	67.1	158.604115043	18.3657289537	0	0	0	0	0	0	0	0.112784298822
64	2015	10945	127	129	129	Lille	Djibril	Sidibe	0	88.3	61.8	135.243810356	16.6171598055	0	0	0	0	0	0	0	0.141937471908
65	2015	10945	127	129	129	Lille	Ibrahim	Amadou	0	67.0	69.7	120.835921449	38.4329285899	0	0	0	0	0	0	0	0.0049943515168
66	2015	10945	127	129	129	Lille	Junior	Tallo	0	74.9	65.6	121.861527536	29.5528340435	0	0	0	0	0	0	0	0.0203311082745
67	2015	10945	127	129	129	Lille	Baptiste	Guillaume	0	85.1	39.9	55.8685253402	18.000555547	0	0	0	0	0	0	0	0.11157388994
68	2015	10948	137	146	137	Nantes	Emiliano	Sala	0	95.2	49.5	84.053136946	4.82597140481	1	1	0	0	0	0	0	0.271452647116
69	2015	10948	137	146	137	Nantes	Valentin	Rongier	0	72.8	42.9	75.3705513662	28.1113855937	0	1	0	0	0	0	0	0.0246822608237
70	2015	10948	137	146	137	Nantes	Adrien	Thomasson	0	79.0	52.3	96.2503395778	21.1255769152	0	1	0	0	0	0	0	0.0726750346004
71	2015	10948	137	146	137	Nantes	Emiliano	Sala	0	77.5	73.4	136.123302714	32.4624398344	0	0	0	0	0	0	0	0.0129949772867
72	2015	10948	137	146	137	Nantes	Adrien	Thomasson	0	87.2	36.4	43.2642954111	18.6761880479	0	1	0	0	0	0	0	0.10052983912
73	2015	10948	137	146	137	Nantes	Kolbeinn	Sigthorsson	0	81.6	51.9	95.8955170124	18.4978377115	0	1	1	0	0	0	0	0.0607933492825
74	2015	10948	137	146	137	Nantes	Johan	Audel	0	85.2	33.6	42.0643265536	22.0907220344	0	0	0	0	0	0	0	0.0607863895717
75	2015	10948	137	146	137	Nantes	Kolbeinn	Sigthorsson	0	79.6	41.9	68.3440109616	21.9492596686	0	0	0	0	0	0	0	0.0631479455369
76	2015	10948	137	146	137	Nantes	Valentin	Rongier	0	77.3	30.3	49.0472019151	30.0562805417	0	0	0	0	0	0	1	0.0178901139602
77	2015	10948	137	146	137	Nantes	Emiliano	Sala	0	77.7	38.0	61.7145680581	25.3237043104	0	0	0	0	0	0	0	0.0376628135474
78	2015	10948	137	146	137	Nantes	Yacine	Bammou	1	97.4	46.0	33.0238675558	4.77074417675	0	0	0	0	1	0	0	0.505785058777
79	2015	10948	137	146	137	Nantes	Emiliano	Sala	0	85.5	47.0	78.3106308246	14.807092895	0	1	1	0	0	0	0	0.103401223594
80	2015	10948	137	146	137	Nantes	Yacine	Bammou	0	68.0	39.0	71.0295921915	33.8378486314	0	0	0	0	0	0	0	0.0100060310674
81	2015	10948	137	146	137	Nantes	Youssouf	Sabaly	1	86.1	33.3	39.7718081147	21.7278622971	0	0	0	0	0	0	0	0.0640870606252
82	2015	10948	137	146	137	Nantes	Birama	Toure	0	76.0	58.5	109.502448507	25.4607541129	0	1	0	0	0	0	0	0.0380596995121
83	2015	10948	137	146	137	Nantes	Valentin	Rongier	1	75.9	49.5	88.8114613908	24.105186164	0	0	0	0	0	0	0	0.0462019632665
84	2015	10948	137	146	146	Troyes	Benjamin	Nivet	0	85.3	47.2	79.2157021324	14.9642908285	0	0	0	0	0	0	0	0.171693260045
85	2015	10948	137	146	146	Troyes	Lossemy	Karaboue	0	79.6	23.1	37.1753817272	33.7604798544	0	0	0	0	0	0	0	0.00989893436369
86	2015	10948	137	146	146	Troyes	Henri	Bienvenu Ntsama	0	71.4	37.4	66.2236565028	31.2525198984	0	0	0	0	0	0	0	0.0149972280269
87	2015	10948	137	146	146	Troyes	Chaouki	Ben Saada	0	86.8	73.0	150.147923731	26.5186726666	0	1	0	0	0	0	0	0.0332167823667
88	2015	10948	137	146	146	Troyes	Fabien	Camus	0	80.8	28.6	41.8983359701	28.7506521665	0	0	0	0	0	0	0	0.0218433268715
89	2015	10948	137	146	146	Troyes	Jessy	Pi	0	74.4	39.1	66.9366045623	27.8239105806	0	1	1	0	0	0	0	0.0141004295332
90	2015	10948	137	146	146	Troyes	Corentin	Jean	0	89.6	70.9	153.544710718	23.3445925216	0	0	0	0	0	0	0	0.0540898726988
91	2015	10948	137	146	146	Troyes	Chaouki	Ben Saada	0	88.5	66.5	145.124671655	20.1121853611	0	0	0	0	0	0	0	0.0869964774037
92	2015	10948	137	146	146	Troyes	Corentin	Jean	0	88.8	31.0	30.5182306789	22.05538483	0	1	0	0	0	0	0	0.060656519843
93	2015	10948	137	146	146	Troyes	Fabien	Camus	0	90.5	68.0	152.175903616	20.353132437	0	0	0	0	0	0	0	0.0843602035563
94	2015	10948	137	146	146	Troyes	Benjamin	Nivet	0	91.5	60.6	141.274334557	13.5871262598	0	1	0	0	0	0	0	0.212306602223
95	2015	10948	137	146	146	Troyes	Corentin	Jean	0	70.7	32.3	58.8640121845	34.2312722521	0	0	0	0	0	0	0	0.00932478050621
96	2015	10948	137	146	146	Troyes	Chris	Mavinga	0	90.7	50.3	91.847610266	9.30483745156	1	1	1	0	0	0	0	0.0904406853839
97	2015	10948	137	146	146	Troyes	Henri	Bienvenu Ntsama	0	91.5	43.0	50.5275401517	11.0113577728	1	1	0	0	0	0	0	0.119366840036
98	2015	10949	141	126	126	Caen	Nicolas	Seube	0	78.2	37.5	60.1702780254	25.1294647774	0	1	0	0	0	0	0	0.0387643049095
99	2015	10949	141	126	126	Caen	Andy	Delort	0	92.8	31.9	21.6921707636	19.479476379	0	0	0	0	0	0	0	0.0883068543954
100	2015	10949	141	126	126	Caen	Ronny	Rodelin	0	87.6	66.6	143.24071183	20.72003861	0	0	0	0	0	0	0	0.0794915972421
101	2015	10949	141	126	126	Caen	Andy	Delort	0	90.9	42.1	49.037710621	12.0507261192	1	1	0	0	0	0	0	0.102890707121
102	2015	10949	141	126	126	Caen	Alaeddine	Yahia	0	91.3	45.0	60.1134730596	10.0344406919	1	1	0	0	0	0	0	0.137549848378
103	2015	10949	141	126	126	Caen	Ronny	Rodelin	0	81.3	48.6	85.7184637649	18.7523331882	0	1	0	0	0	0	0	0.102074352949
104	2015	10949	141	126	126	Caen	Ronny	Rodelin	0	95.6	43.4	33.690067526	7.93221280602	1	1	1	0	0	0	0	0.106321141372
105	2015	10949	141	126	126	Caen	Vincent	Bessat	0	85.2	69.8	143.222813891	24.7200323624	0	0	0	0	0	0	0	0.0435915436674
106	2015	10949	141	126	126	Caen	Andy	Delort	0	82.1	42.1	66.1861764404	19.5657864652	1	0	0	0	1	0	0	0.0337532696033
107	2015	10949	141	126	126	Caen	Andy	Delort	0	95.3	35.0	17.3975128856	15.7190966662	0	1	1	0	0	0	0	0.0872655961178
108	2015	10949	141	126	126	Caen	Julien	Féret	1	88.7	45.4	67.8497620716	12.2004098292	0	0	0	0	0	0	0	0.242335386584
109	2015	10949	141	126	141	Reims	Odaïr	Fortes	0	76.6	69.9	130.378748598	30.7175845405	0	0	0	0	0	0	0	0.0170350974509
110	2015	10949	141	126	141	Reims	Odaïr	Fortes	0	70.3	44.0	78.578813725	30.3	0	0	0	0	0	0	0	0.0175649660848
111	2015	10949	141	126	141	Reims	Odaïr	Fortes	0	84.8	56.8	114.102234501	16.6517266372	0	1	0	0	0	0	0	0.139515579483
112	2015	10949	141	126	141	Reims	Grejohn	Kyei	0	88.7	49.5	87.4664411116	11.3110565377	1	1	0	0	0	0	0	0.117018393281
113	2015	10949	141	126	141	Reims	Antoine	Devaux	0	77.3	64.0	121.663798744	26.6700206224	0	0	0	0	0	0	0	0.0318409577902
114	2015	10949	141	126	141	Reims	Nicolas	de Preville	0	72.6	81.2	138.710231215	41.5234873295	0	0	0	0	0	0	0	0.00309175263908
115	2015	10949	141	126	141	Reims	Nicolas	de Preville	0	74.9	68.9	126.979310204	31.4200572883	0	0	0	0	0	0	0	0.0152192715628
116	2015	10949	141	126	141	Reims	Theoson	Siebatcheu	0	87.0	38.2	47.7702157972	17.5567650779	0	0	0	0	0	0	0	0.11821725146
117	2015	10949	141	126	141	Reims	Antoine	Devaux	0	85.6	44.6	69.4439547804	15.3792067416	0	0	0	0	0	0	0	0.161560118902
118	2015	10949	141	126	141	Reims	Nicolas	de Preville	0	85.7	51.3	95.1944289077	14.3589693223	1	1	0	0	0	0	0	0.075675974907
119	2015	10949	141	126	141	Reims	Alexis	Peuget	0	69.5	38.0	68.5232090205	32.7757532331	0	0	0	0	0	0	0	0.0118144004704
120	2015	10949	141	126	141	Reims	Frédéric	Bulot	0	79.7	36.2	55.7920186302	24.5464865103	0	0	0	0	0	0	0	0.0422659640304
121	2015	10951	128	150	150	GFC Ajaccio	Jacques	Zoua Daogari	0	73.4	56.4	103.528315466	27.3590935522	0	0	0	0	0	0	0	0.0282728696479
122	2015	10951	128	150	150	GFC Ajaccio	Khalid	Boutaib	0	85.6	49.7	88.806510576	14.403124661	1	1	0	0	0	0	0	0.0748798148594
123	2015	10951	128	150	150	GFC Ajaccio	Damjan	Djokovic	0	74.8	30.1	51.7024656796	32.1099672999	0	0	0	0	0	0	0	0.0129742713046
124	2015	10951	128	150	150	GFC Ajaccio	Kévin	Mayi	0	84.4	37.0	50.1944289077	20.3066491574	1	0	0	0	0	0	0	0.0297803333611
125	2015	10951	128	150	128	St Etienne	Kévin	Monnet-Paquet	0	89.0	73.2	154.632595538	25.6756694168	0	0	0	0	0	0	0	0.0379365810464
126	2015	10951	128	150	128	St Etienne	Romain	Hamouma	0	78.6	41.7	68.8011938062	22.9532132827	0	0	0	0	0	0	0	0.0543143406228
127	2015	10951	128	150	128	St Etienne	Vincent	Pajot	0	67.7	23.4	50.5275401517	41.8431595365	0	0	0	1	0	0	0	0.0027662333507
128	2015	10951	128	150	128	St Etienne	Robert	Beric	1	95.8	47.5	59.2372804658	4.88773976394	0	1	1	0	0	0	0	0.357008113279
129	2015	10951	128	150	128	St Etienne	Benoit	Assou-Ekotto	0	77.9	63.9	122.168220957	26.1078532247	0	1	1	0	0	0	0	0.0191654251333
130	2015	10951	128	150	128	St Etienne	Kévin	Monnet-Paquet	1	81.2	34.2	49.9554489401	24.5576871875	0	0	0	0	0	0	0	0.0420320371031
131	2015	10951	128	150	128	St Etienne	Robert	Beric	0	79.3	64.5	125.010592574	25.2733060758	0	0	0	0	0	0	0	0.0395738387858
132	2015	10951	128	150	128	St Etienne	Valentin	Eysseric	0	76.9	43.9	75.2076124804	23.891839611	0	0	0	0	0	0	0	0.0473049436552
133	2015	10951	128	150	128	St Etienne	Nolan	Roux	0	79.1	60.9	117.543441866	23.571593073	0	0	0	0	0	0	0	0.0510539698321
134	2015	10951	128	150	128	St Etienne	Nolan	Roux	0	81.8	63.9	127.370284745	22.9008733458	0	0	0	0	0	0	0	0.0568626965241
135	2015	10951	128	150	128	St Etienne	Valentin	Eysseric	0	75.3	63.1	117.939885958	27.9588984046	0	0	0	0	0	0	0	0.0260052392151
136	2015	10951	128	150	128	St Etienne	Kévin	Monnet-Paquet	0	86.0	69.6	144.462322208	24.0865107477	0	0	0	0	0	0	0	0.0480504450567
137	2015	10951	128	150	128	St Etienne	Kévin	Monnet-Paquet	0	86.4	63.3	134.361040101	19.0223552695	0	0	0	0	0	0	0	0.10118310144
138	2015	10952	140	149	149	Angers	Gilles	Sunu	0	78.5	65.1	125.081349374	26.2727996224	0	0	0	0	0	0	0	0.0339332250858
139	2015	10952	140	149	149	Angers	Arnold	Bouka Moutou	0	76.4	57.0	106.520892189	24.6162547923	0	0	0	0	0	0	0	0.0432342357574
140	2015	10952	140	149	149	Angers	Abdoul	Camara	0	78.5	62.7	120.57024775	24.9707829273	0	0	0	0	0	0	0	0.0413313245096
141	2015	10952	140	149	149	Angers	Cheikh	Ndoye	0	75.2	39.5	67.0528276755	26.9312086621	0	0	0	0	0	0	1	0.0294879540833
142	2015	10952	140	149	149	Angers	Cheikh	Ndoye	0	89.2	41.7	52.4570551402	13.620939762	1	1	0	0	0	0	0	0.0821098426517
143	2015	10952	140	149	149	Angers	Abdoul	Camara	1	85.6	40.5	56.5862765346	17.2513767567	0	0	0	0	0	0	0	0.124054389185
144	2015	10952	140	149	149	Angers	Cheikh	Ndoye	1	89.7	57.0	124.20048413	12.4535135604	1	1	0	0	0	0	0	0.101717475365
145	2015	10952	140	149	140	Toulouse	Étienne	Didot	0	82.0	76.0	145.304846469	31.6227766017	0	0	1	0	0	0	0	0.00815869519262
146	2015	10952	140	149	140	Toulouse	Óscar	Trejo	0	89.0	30.7	29.6808994369	22.2146348158	0	1	0	0	0	0	0	0.0591910227517
147	2015	10952	140	149	140	Toulouse	Óscar	Trejo	0	81.1	42.9	69.4107398395	20.1896012838	0	1	0	0	0	0	1	0.0820215472031
148	2015	10952	140	149	140	Toulouse	Marcel	Tisserand	0	71.4	35.0	62.32408954	32.2948912369	0	0	0	0	0	0	0	0.0126923411141
149	2015	10952	140	149	140	Toulouse	Tongo	Doumbia	0	73.6	49.3	88.4811496026	26.4092786725	0	0	0	0	0	0	0	0.0324283729738
150	2015	10952	140	149	140	Toulouse	Wissam	Ben Yedder	0	90.2	46.6	70.8663567941	10.3730419839	0	0	0	0	0	0	0	0.300291547819
151	2015	10952	140	149	140	Toulouse	Adrien	Regattin	0	85.1	39.7	55.3448574815	18.113530854	0	0	0	0	0	0	0	0.109762185674
152	2015	10952	140	149	140	Toulouse	Aleksandar	Pesic	0	89.3	53.6	108.595440783	11.2893755363	1	1	0	0	0	0	0	0.118887084418
153	2015	10952	140	149	140	Toulouse	Steeve	Yago	0	89.4	65.0	144.752424942	18.3673623583	0	0	1	0	0	0	0	0.0639727828183
154	2015	10952	140	149	140	Toulouse	Martin	Braithwaite	0	92.0	65.0	151.927513064	17.0	0	0	0	0	0	0	0	0.135989787748
155	2015	10952	140	149	140	Toulouse	Adrien	Regattin	0	90.8	74.8	159.646770852	26.4514649878	0	0	0	0	0	0	0	0.0337753772293
156	2015	10952	140	149	140	Toulouse	Adrien	Regattin	0	80.3	80.3	146.969486373	36.1411123238	0	0	0	1	0	0	0	0.00731583886799
157	2015	10952	140	149	140	Toulouse	Martin	Braithwaite	0	89.0	41.5	52.3057595333	13.9014387745	0	1	0	0	0	0	0	0.194295249931
158	2015	10952	140	149	140	Toulouse	Martin	Braithwaite	0	78.6	62.6	120.4889405	24.8338478694	0	0	0	0	0	0	0	0.0422046374493
159	2015	10952	140	149	140	Toulouse	Óscar	Trejo	0	73.3	37.4	64.7369014955	29.5237192779	0	0	0	0	0	0	0	0.0196543245316
160	2015	10952	140	149	140	Toulouse	Martin	Braithwaite	0	88.7	66.7	145.915882432	20.1638290015	0	0	0	0	0	0	0	0.0863862202385
161	2015	10952	140	149	140	Toulouse	Óscar	Trejo	1	92.2	55.2	123.690067526	9.37443331621	1	1	0	0	0	0	0	0.156207005849
162	2015	10952	140	149	140	Toulouse	Étienne	Didot	0	73.0	43.2	75.8639382019	27.8431320077	0	0	0	0	0	0	0	0.0257437106421
163	2015	10952	140	149	140	Toulouse	Marcel	Tisserand	0	86.0	50.3	91.2275788321	14.0032139168	1	0	0	0	0	0	0	0.0795491352896
164	2015	10952	140	149	140	Toulouse	Tongo	Doumbia	0	89.0	44.0	61.389540334	12.5299640861	1	1	0	0	0	0	0	0.0967737250479
165	2015	10952	140	149	140	Toulouse	Martin	Braithwaite	0	71.4	31.1	56.5417102531	34.2807526172	0	0	0	0	0	0	0	0.00923744357658
166	2015	10946	124	134	134	Lorient	Didier Ibrahim	Ndong	0	85.2	54.2	105.843082118	15.3844076909	1	1	0	0	0	0	0	0.0654292321414
167	2015	10946	124	134	134	Lorient	Benjamin	Moukandjo	0	78.5	67.1	128.496944055	27.4710756979	0	0	0	0	0	0	0	0.0282520616619
168	2015	10946	124	134	134	Lorient	Romain	Philippoteaux	0	88.5	71.3	151.635119158	24.2061975535	0	1	0	0	0	0	0	0.0474050965483
169	2015	10946	124	134	134	Lorient	Lamine	Koné	0	92.8	45.4	57.4259428654	8.54400374532	1	1	1	0	0	0	0	0.098826252655
170	2015	10946	124	134	134	Lorient	Yann	Jouffre	0	92.6	67.6	157.195459529	19.0924068677	0	0	0	0	0	0	0	0.10159096419
171	2015	10946	124	134	134	Lorient	Benjamin	Moukandjo	1	87.9	43.3	61.0258674484	13.8311243216	0	0	0	0	0	0	0	0.197004634091
172	2015	10946	124	134	124	Marseille	Javier	Manquillo	0	86.3	35.6	43.5729981325	19.8758647611	0	1	0	0	0	0	0	0.0844938319585
173	2015	10946	124	134	124	Marseille	Lucas	Ocampos	0	86.6	73.2	149.98986236	26.7917897872	0	0	0	0	0	0	0	0.0318404190117
174	2015	10946	124	134	124	Marseille	Rémy	Cabella	0	86.4	56.2	114.50740523	14.9465715132	0	1	0	0	0	0	0	0.175573906412
175	2015	10946	124	134	124	Marseille	Romain	Alessandrini	0	75.2	48.3	86.0786011123	24.858197843	0	0	0	0	0	0	0	0.0411068374846
176	2015	10946	124	134	124	Marseille	Rémy	Cabella	0	86.6	63.8	135.842524261	19.2353840617	0	1	0	0	0	0	0	0.0982196835192
177	2015	10946	124	134	124	Marseille	Romain	Alessandrini	0	81.0	47.6	82.8007663616	19.1509790872	0	0	0	0	0	0	0	0.0962090175203
178	2015	10946	124	134	124	Marseille	Lucas	Ocampos	0	79.5	69.3	133.27301225	28.1556388668	0	0	0	0	0	0	0	0.0254808257382
179	2015	10946	124	134	124	Marseille	Michy	Batshuayi	0	89.7	46.8	72.7410457071	10.7856385995	1	1	1	0	0	0	0	0.0718943826796
180	2015	10946	124	134	124	Marseille	Rémy	Cabella	0	90.9	62.8	144.589551709	15.7050947148	1	1	1	0	0	0	0	0.0357577709784
181	2015	10946	124	134	124	Marseille	Romain	Alessandrini	0	78.8	38.7	61.9415423928	24.0235301319	0	0	0	0	0	0	0	0.0459649412694
182	2015	10946	124	134	124	Marseille	Romain	Alessandrini	0	86.1	30.7	35.7617070687	23.7844487008	0	0	0	0	0	0	0	0.0468603449911
183	2015	10946	124	134	124	Marseille	Jacques-Alaixys	Romao	0	88.7	58.7	127.593087872	14.2611359996	1	1	0	0	0	0	0	0.0783671927288
184	2015	10946	124	134	124	Marseille	Nicolas	N'Koulou	0	85.9	53.2	102.786701449	14.4585614775	1	1	0	0	0	0	0	0.0749308247852
185	2015	10946	124	134	124	Marseille	Nicolas	N'Koulou	0	89.2	54.0	110.32313683	11.5169440391	1	1	1	0	0	0	0	0.0660511251463
186	2015	10946	124	134	124	Marseille	Michy	Batshuayi	0	80.0	68.9	133.380242503	27.5174490097	0	0	0	0	0	0	0	0.0281408716559
187	2015	10946	124	134	124	Marseille	Benjamin	Mendy	0	74.8	63.0	117.287987946	28.3555990944	0	0	0	0	0	0	0	0.0244366345663
188	2015	10946	124	134	124	Marseille	Rémy	Cabella	0	78.9	42.3	69.9515122442	22.4610774452	0	0	0	0	0	0	0	0.0585406642087
189	2015	10946	124	134	124	Marseille	Michy	Batshuayi	0	84.4	42.9	65.5283794663	17.139719951	0	0	0	0	0	0	0	0.126683076218
190	2015	10946	124	134	124	Marseille	Lucas	Ocampos	0	85.2	76.1	150.444603848	30.0041663774	0	0	0	0	0	0	0	0.0193114962509
191	2015	10946	124	134	124	Marseille	Lucas	Ocampos	0	85.1	66.5	137.917007287	22.231958978	0	1	0	0	0	0	0	0.0633004264297
192	2015	10944	136	135	136	Bordeaux	Henri	Saivet	0	76.2	50.9	92.1656152529	23.8170107276	0	0	0	0	0	0	0	0.0483795271644
193	2015	10944	136	135	136	Bordeaux	Jaroslav	Plasil	0	80.0	30.5	45.7252242991	27.9329554469	0	0	0	0	0	0	0	0.0248795661756
194	2015	10944	136	135	136	Bordeaux	Thomas	Touré	0	88.0	38.4	45.9710219311	16.690116836	0	0	0	0	0	0	0	0.133287209405
195	2015	10944	136	135	136	Bordeaux	Thomas	Touré	0	82.9	33.8	46.548157699	23.5552541909	0	0	0	0	0	0	0	0.0488660266627
196	2015	10944	136	135	136	Bordeaux	Cheick	Diabaté	0	87.9	66.0	142.90160594	20.0601595208	0	0	0	0	0	0	0	0.0875370062252
197	2015	10944	136	135	136	Bordeaux	Nicolas	Maurice-Belay	0	92.6	42.9	46.1852608186	10.2552425617	1	0	0	1	0	0	0	0.132317326673
198	2015	10944	136	135	136	Bordeaux	Adam	Ounas	0	74.0	24.2	45.2212181267	36.6284042786	0	0	0	0	0	0	0	0.00631786664542
199	2015	10944	136	135	136	Bordeaux	Henri	Saivet	0	72.2	36.3	63.7656567204	30.9924184277	0	0	0	0	0	0	0	0.0155976857664
200	2015	10944	136	135	136	Bordeaux	Cheick	Diabaté	0	88.9	46.2	71.1017530847	11.7324336776	1	1	1	0	0	0	0	0.0623664803766
201	2015	10944	136	135	136	Bordeaux	Pablo	Nascimento de Castro	0	90.2	46.0	67.7965214679	10.5848948979	1	1	1	0	0	0	0	0.0738315803314
202	2015	10944	136	135	136	Bordeaux	Nicolas	Maurice-Belay	0	77.1	63.8	121.074011264	26.7366789261	0	1	0	0	0	0	0	0.031501954247
203	2015	10944	136	135	136	Bordeaux	Adam	Ounas	0	81.0	28.7	41.7335609624	28.5427749177	0	0	0	0	0	0	0	0.0225617924974
204	2015	10944	136	135	136	Bordeaux	Adam	Ounas	0	88.6	45.4	68.0254920085	12.2930874885	0	1	0	0	0	0	0	0.23964920876
205	2015	10944	136	135	136	Bordeaux	Henri	Saivet	0	87.1	64.6	138.53741943	19.4825563004	1	1	0	0	0	0	0	0.0358673813867
206	2015	10944	136	135	136	Bordeaux	Jaroslav	Plasil	0	70.8	35.8	64.0662817226	32.4696781629	0	0	0	0	0	0	0	0.0123617274732
207	2015	10944	136	135	136	Bordeaux	Frederic	Guilbert	0	74.4	39.1	66.9366045623	27.8239105806	0	1	1	0	0	0	0	0.0141004295332
208	2015	10944	136	135	135	Montpellier	Paul	Lasne	0	87.2	31.5	34.6790456375	22.4964441635	1	0	0	0	0	0	0	0.020955833708
209	2015	10944	136	135	135	Montpellier	William	Remy	0	72.3	39.7	69.6027941583	29.5530032315	0	0	0	0	0	0	0	0.0196285298979
210	2015	10944	136	135	135	Montpellier	Rodrigue Casimir	Ninga	0	91.2	52.8	107.65012422	9.23471710449	1	1	1	0	0	0	1	0.0922706155307
211	2015	10944	136	135	135	Montpellier	Quentin	Cornette	0	83.8	55.8	109.698621375	17.2069753298	0	0	0	0	0	0	0	0.128863298583
212	2015	10944	136	135	135	Montpellier	Rodrigue Casimir	Ninga	0	80.0	49.1	87.4234281697	20.0202397588	0	0	0	0	0	0	0	0.0850387007059
213	2015	10944	136	135	135	Montpellier	Ryad	Boudebouz	0	74.3	53.6	97.9739834503	25.9509152054	0	0	0	0	0	0	0	0.0350258677359
214	2015	10950	132	139	139	Nice	Mathieu	Bodmer	1	91.2	56.8	127.694240467	11.1211510196	0	1	1	0	0	0	0	0.176936220884
215	2015	10950	132	139	139	Nice	Wallyson	Teixiera Mallmann	0	92.2	64.2	151.220193696	16.2012345209	0	0	0	0	0	0	0	0.151629141188
216	2015	10950	132	139	139	Nice	Wallyson	Teixiera Mallmann	0	91.8	47.9	75.6354175503	8.46463230152	0	0	0	0	0	0	0	0.368710667718
217	2015	10950	132	139	139	Nice	Hatem	Ben Arfa	1	95.7	35.1	16.0976429638	15.5080624193	0	0	0	0	0	0	0	0.153962378177
218	2015	10950	132	139	139	Nice	Wallyson	Teixiera Mallmann	0	79.0	66.9	128.825786294	26.9557044056	0	0	0	0	0	0	0	0.0306091411822
219	2015	10950	132	139	139	Nice	Mahamane	Traoré	1	93.7	46.0	57.5876933816	7.46257328272	0	1	0	0	0	0	0	0.403705795642
220	2015	10950	132	139	139	Nice	Valère	Germain	0	94.8	52.1	111.991129917	5.60802995712	0	1	0	0	0	0	0	0.485894147777
221	2015	10950	132	139	139	Nice	Jean	Seri	0	77.9	62.0	118.501359615	25.14776332	0	1	0	0	0	0	0	0.0401706591073
222	2015	10950	132	139	139	Nice	Said	Benrahma	1	80.7	69.5	135.295336454	27.4361075956	0	0	1	0	0	0	0	0.0156966140053
223	2015	10950	132	139	139	Nice	Jérémy	Pied	0	80.7	24.4	37.0128687266	32.0600998127	0	1	0	0	0	0	0	0.0129472446648
224	2015	10950	132	139	139	Nice	Hatem	Ben Arfa	0	85.6	36.0	45.8069294551	20.083824337	0	0	0	0	0	0	0	0.082074479608
225	2015	10950	132	139	139	Nice	Wallyson	Teixiera Mallmann	0	86.7	28.0	31.1548691639	25.7077809233	0	0	0	0	0	0	0	0.0347898486549
226	2015	10950	132	139	132	Rennes	Pedro	Henrique	0	77.5	38.9	63.7413404452	25.0890414325	0	0	0	0	0	0	0	0.0390976105543
227	2015	10950	132	139	132	Rennes	Kamil	Grosicki	1	88.7	67.7	147.445103197	20.9995238041	0	0	0	0	0	0	0	0.0764886884998
228	2015	10950	132	139	132	Rennes	Pedro Filipe	Teodósio Mendes	0	87.5	61.3	132.113581456	16.8505192798	0	1	0	0	0	0	0	0.137202810527
229	2015	10950	132	139	132	Rennes	Kamil	Grosicki	0	90.7	66.4	150.443590982	18.8533816595	0	0	0	0	0	0	0	0.104694603019
230	2015	10950	132	139	132	Rennes	Kamil	Grosicki	0	87.1	68.1	144.52225501	22.2265606876	0	0	0	0	0	0	0	0.0636210508221
231	2015	10950	132	139	132	Rennes	Pedro Filipe	Teodósio Mendes	0	75.4	67.7	125.735476015	30.3059400118	0	0	0	0	0	0	0	0.0181152506596
232	2015	10950	132	139	132	Rennes	Pedro	Henrique	0	87.7	64.2	139.100981698	18.7864312737	1	0	0	0	1	0	0	0.0399329368445
233	2015	10950	132	139	132	Rennes	Ludovic	Baal	0	91.1	65.2	149.649904106	17.6139149538	1	1	1	0	0	0	0	0.0266993494644
234	2015	10950	132	139	132	Rennes	Abdoulaye	Doucouré	0	88.7	63.6	140.277406083	17.6819116614	1	1	0	0	0	0	0	0.0473113662899
235	2015	10950	132	139	132	Rennes	Giovanni	Sio	0	77.5	39.7	65.4027458409	24.7455046423	0	0	0	0	0	0	0	0.0412575477225
236	2015	10950	132	139	132	Rennes	Steven	Moreira	0	78.6	23.1	38.5036184197	34.3739727119	0	0	0	0	0	0	0	0.00899117850847
237	2015	10950	132	139	132	Rennes	Giovanni	Sio	0	92.8	77.1	165.121232271	28.0401497856	0	0	0	0	0	0	0	0.026500994563
238	2015	10950	132	139	132	Rennes	Abdoulaye	Doucouré	0	81.6	64.6	128.431235878	23.4887206974	0	1	0	0	0	0	0	0.052066715435
239	2015	10950	132	139	132	Rennes	Mehdi	Zeffane	0	75.4	73.4	133.567903816	33.9517304419	0	0	0	0	0	0	0	0.0102538715354
