start	name	team_name	goal	start_x	start_y	degree	distance	shot_headed	crosses	corner	pass_throw_in	pass_long_ball	pass_through_ball	pass_headed
2015	Abdel Barrada	Marseille	0	84.0	62.4	127.77568430595468	20.242529486207992	0	1	0	0	0	0	0
2015	Abdel Barrada	Marseille	0	86.6	64.6	137.45403167452707	19.81716427746412	0	0	0	0	0	0	0
2015	Abdel Barrada	Marseille	0	87.7	48.9	84.88958243896877	12.349089035228467	0	1	0	0	0	0	0
2015	Abdel Barrada	Marseille	0	81.9	53.6	101.24904431467434	18.454538737123716	0	0	0	0	0	0	0
2015	Abdel Barrada	Marseille	1	96.6	49.1	75.17352002964438	3.5171010790137998	1	1	0	0	0	0	0
2015	Abdel Barrada	Marseille	0	94.3	49.3	82.99873244250465	5.742821606144495	0	0	0	0	0	0	0
2015	Abdel Barrada	Marseille	0	78.2	47.0	82.16447489351145	22.00545386943882	0	1	0	0	0	0	0
2015	Abdoul Camara	Angers	1	88.1	59.7	129.18437347050877	15.35252422242024	0	0	0	0	0	0	0
2015	Abdoul Camara	Angers	0	90.1	44.0	58.78159723565364	11.576268828944848	0	1	0	0	0	0	0
2015	Abdoul Camara	Angers	0	74.1	45.6	80.3584049742731	26.27108676853701	0	0	0	0	0	0	0
2015	Abdoul Camara	Angers	0	79.6	69.3	133.41286558627723	28.082912954321532	0	0	0	0	0	0	0
2015	Abdoul Camara	Angers	0	85.2	26.0	31.660751096636595	28.196453677723373	0	0	0	0	0	0	0
2015	Abdoul Camara	Angers	0	73.6	58.9	108.63005287986729	27.859827709445735	0	0	0	0	0	0	0
2015	Adrien Rabiot	PSG	0	90.2	41.7	49.73744334801011	12.842507543311	1	1	1	0	0	0	0
2015	Adrien Rabiot	PSG	0	75.4	53.4	97.86907555179052	24.833847869389867	0	0	0	0	0	0	0
2015	Adrien Regattin	Toulouse	0	89.0	63.4	140.61758059012683	17.336666346215466	1	1	0	0	0	0	0
2015	Adrien Thomasson	Nantes	0	82.2	34.4	48.76852970913538	23.66854452643846	0	0	0	0	0	0	0
2015	Adrien Thomasson	Nantes	0	70.3	36.8	66.03751102542181	32.501230745927145	0	0	0	0	0	0	0
2015	Adrien Thomasson	Nantes	0	76.2	36.4	60.25511870305777	27.411676344215067	0	0	0	0	0	0	0
2015	Adrien Thomasson	Nantes	0	88.2	33.8	36.06940989958099	20.041955992367612	0	1	0	0	0	0	0
2015	Adryan	Nantes	0	67.6	45.2	81.57303097851934	32.75362575349484	0	0	0	0	0	0	0
2015	Adryan	Nantes	0	76.7	63.8	120.63718501118736	27.08006646963777	0	0	0	0	0	0	1
2015	Aissa Mandi	Reims	0	90.1	58.5	130.6489220484261	13.048371545905646	1	1	1	0	0	0	0
2015	Alaeddine Yahia	Caen	0	92.2	50.0	90.0	7.799999999999997	0	1	0	0	0	0	0
2015	Alassane Pléa	Nice	0	95.0	55.2	136.12330271407544	7.2138755187485755	0	0	0	0	0	0	0
2015	Alassane Pléa	Nice	0	73.2	60.6	111.57990628762005	28.820131852578328	0	0	0	0	0	0	0
2015	Alassane Pléa	Nice	0	90.5	56.2	123.12973546841212	11.344161493913951	0	1	1	0	0	0	0
2015	Alassane Pléa	Nice	1	81.5	39.3	59.95583993007401	21.371476317746513	0	0	0	0	0	0	0
2015	Alassane Pléa	Nice	0	77.1	74.4	136.8163821565303	33.4629646026768	0	0	0	0	0	0	0
2015	Alassane Pléa	Nice	0	82.6	37.6	54.52466797179001	21.366328650472457	0	0	0	0	0	0	0
2015	Alassane Pléa	Nice	0	90.2	68.9	152.5924245621816	21.28966885604377	0	0	0	0	0	0	0
2015	Alassane Pléa	Nice	1	78.6	56.2	106.15733986458794	22.2800359066138	0	0	0	0	0	0	0
2015	Alassane Pléa	Nice	0	72.2	33.3	59.005944274815874	32.43038698504845	0	0	0	0	0	0	0
2015	Alassane Pléa	Nice	0	85.7	73.0	148.1291663203487	27.083020511013906	0	0	0	0	0	0	0
2015	Alassane Pléa	Nice	0	90.8	51.7	100.46917425771143	9.35574689696125	1	0	0	0	0	0	0
2015	Alassane Pléa	Nice	0	88.5	39.3	47.063819728456956	15.707959765672946	0	1	0	0	0	0	0
2015	Alassane Pléa	Nice	0	86.8	55.8	113.72039557230458	14.41804425017485	0	0	0	0	0	0	0
2015	Alassane Pléa	Nice	0	85.2	52.4	99.21102654081668	14.993331851193046	1	0	0	0	0	0	0
2015	Alassane Pléa	Nice	0	67.0	38.5	70.78732818281436	34.9463875100131	0	0	0	0	0	0	0
2015	Alejandro Bedoya	Nantes	0	71.2	61.9	112.45014207884074	31.161675179617667	0	0	0	0	0	0	0
2015	Alejandro Bedoya	Nantes	0	91.1	72.1	158.06461777376094	23.824777018893585	0	0	0	0	0	0	0
2015	Aleksandar Pesic	Toulouse	0	75.5	65.4	122.15229514128235	28.938037252032146	0	0	0	0	0	0	0
2015	Alexandre Lacazette	Lyon	0	90.7	36.2	33.976544036256854	16.64121389803039	1	0	0	0	0	0	0
2015	Alexandre Lacazette	Lyon	0	89.6	54.4	112.93210043758977	11.292475370794488	1	0	0	0	0	0	0
2015	Alexandre Lacazette	Lyon	0	86.4	50.1	90.4212849041686	13.600367642089674	0	0	0	0	0	0	0
2015	Alexandre Lacazette	Lyon	0	87.8	54.2	108.99665415548857	12.902712893031453	0	0	0	0	0	0	0
2015	Alexandre Lacazette	Lyon	0	76.4	62.6	118.09768296743596	26.752943763257154	0	0	0	0	0	0	0
2015	Alexis Peuget	Reims	0	71.5	68.1	122.41912889807843	33.76181274754067	0	1	0	0	0	0	0
2015	Alexis Peuget	Reims	0	78.6	71.4	135.0	30.264170234784242	0	0	0	0	0	0	0
2015	Alexis Peuget	Reims	0	77.9	21.9	38.18423166605107	35.749405589464004	0	0	0	0	0	0	0
2015	Amos Youga	GFC Ajaccio	0	64.7	35.5	67.66886360728678	38.16202300717298	0	0	0	0	0	0	0
2015	Andre Biyogo Poko	Bordeaux	0	93.8	41.7	36.759288170292145	10.360019305001318	0	1	0	0	0	0	0
2015	Andre Biyogo Poko	Bordeaux	0	83.1	20.3	29.64089633032459	34.1716256563834	0	0	0	0	0	0	0
2015	Andre Biyogo Poko	Bordeaux	0	77.8	56.1	105.36425338919355	23.022814771439226	0	1	1	0	0	0	0
2015	Andre Biyogo Poko	Bordeaux	0	84.8	34.8	45.0	21.49604614807105	0	1	0	0	0	0	0
2015	Andre Biyogo Poko	Bordeaux	0	89.8	55.8	119.62374875117379	11.733712115098104	1	0	0	0	0	0	0
2015	Andre Biyogo Poko	Bordeaux	0	80.6	49.1	87.3438527960429	19.420865068271297	1	1	0	0	0	0	0
2015	Andre Biyogo Poko	Bordeaux	0	90.0	53.0	106.69924423399362	10.44030650891055	0	1	1	0	0	0	0
2015	Andre Biyogo Poko	Bordeaux	0	93.8	28.7	16.229211682388023	22.18400324558217	0	0	0	0	0	0	0
2015	Andre Biyogo Poko	Bordeaux	0	85.9	36.4	46.034107544883426	19.59004849406963	0	0	0	0	0	0	0
2015	Andre Biyogo Poko	Bordeaux	0	81.9	30.7	43.162263209612135	26.45940286552211	0	0	0	0	0	0	0
2015	Andre Biyogo Poko	Bordeaux	0	92.0	52.6	108.0041616059134	8.411896337925237	1	1	1	0	0	0	0
2015	Andy Delort	Caen	0	88.1	61.5	134.0206803456605	16.54871596227333	0	0	0	0	0	0	0
2015	Andy Delort	Caen	0	76.5	26.8	45.368062043128496	33.022568040659706	0	0	0	0	0	0	0
2015	Andy Delort	Caen	0	80.8	79.6	147.03059609653786	35.28172331391991	0	0	0	0	0	0	0
2015	Andy Delort	Caen	0	77.0	71.0	132.3974377975002	31.144823004794873	0	0	0	0	0	0	0
2015	Andy Delort	Caen	0	69.7	61.0	109.95273505402476	32.23491895445062	0	0	0	0	0	0	0
2015	Andy Delort	Caen	0	85.9	29.1	34.00522265070786	25.211505310076188	0	0	0	0	0	0	0
2015	Andy Delort	Caen	0	73.6	29.9	52.71567356354848	33.180867981413634	0	0	0	0	0	0	0
2015	Andy Delort	Caen	1	78.4	67.7	129.33271432176088	27.92579452764057	0	0	0	0	0	0	0
2015	Andy Delort	Caen	0	86.6	56.6	116.22196677755446	14.937201879870278	1	1	1	0	0	0	0
2015	Andy Delort	Caen	0	87.0	69.9	146.84476668961616	23.769938998659637	0	0	0	0	0	0	0
2015	Andy Delort	Caen	0	96.3	53.9	136.50743575877496	5.375872022286246	1	1	1	0	0	0	1
2015	Andy Delort	Caen	0	91.4	43.9	54.65183346680422	10.543718509140877	1	1	0	0	0	0	0
2015	Andy Delort	Caen	1	90.9	68.5	153.80780112703462	20.61698329048166	0	0	0	0	0	0	0
2015	Andy Delort	Caen	0	72.2	28.9	52.801763372385246	34.90057306119772	0	0	0	0	0	0	0
2015	Andy Delort	Caen	0	86.0	55.0	109.6538240580533	14.866068747318506	0	0	0	0	0	0	0
2015	Andy Delort	Caen	0	72.1	40.3	70.82895746552029	29.538110975483864	0	0	0	0	0	0	0
2015	Ángel Di María	PSG	0	86.7	25.0	28.01297742306717	28.317662332897463	0	0	0	0	0	0	0
2015	Anthony Martial	Monaco	0	97.4	48.3	56.821488340607154	3.1064449134018104	1	1	0	0	0	0	1
2015	Anthony Mounier	Montpellier	0	74.9	49.3	88.40252380275437	25.109759058979435	0	0	0	0	0	0	0
2015	Anthony Mounier	Montpellier	0	90.1	42.1	51.41084002023247	12.66570171763097	0	1	0	0	0	0	0
2015	Antoine Devaux	Reims	0	90.2	51.3	97.55634405643944	9.885848471426211	0	1	1	0	0	0	0
2015	Antoine Devaux	Reims	0	86.4	70.1	145.9170532864904	24.268704126920323	0	0	0	0	0	0	0
2015	Arnold Mvuemba	Lyon	0	69.1	44.0	79.01134890350603	31.477134558278973	0	0	0	0	0	0	0
2015	Arnold Mvuemba	Lyon	0	73.0	52.8	95.9206207140468	27.14479692316743	0	1	0	0	0	0	0
2015	Atila Turan	Reims	0	73.2	75.6	133.6881122174959	37.062110031675196	0	0	0	0	0	0	0
2015	Atila Turan	Reims	1	94.9	52.6	117.0126653479386	5.724508712544679	0	1	0	0	0	0	0
2015	Atila Turan	Reims	0	84.5	62.8	129.55011389546073	20.101989951246118	0	0	0	0	0	0	0
2015	Atila Turan	Reims	0	77.4	68.7	129.6054993449572	29.333428030150174	0	0	0	0	0	0	0
2015	Baptiste Guillaume	Lille	0	89.6	41.1	49.44410612165271	13.688316185711086	1	1	0	0	0	0	0
2015	Baptiste Guillaume	Lille	0	95.3	65.2	162.8178407035801	15.910059710761619	0	0	0	0	1	0	0
2015	Baptiste Guillaume	Lille	0	87.0	63.6	136.29216688624993	18.813824704190267	0	0	0	0	0	0	0
2015	Baptiste Guillaume	Lille	0	87.1	67.5	143.60448159309266	21.740745157422737	0	0	0	0	0	0	0
2015	Benjamin André	Rennes	0	81.5	49.9	89.69029610004117	18.50027026829608	0	0	0	0	0	0	0
2015	Benjamin Corgnet	St Etienne	0	88.9	57.7	124.74880124918259	13.509256086106292	0	1	0	0	0	0	0
2015	Benjamin Corgnet	St Etienne	0	91.2	27.6	21.447736327105346	24.066574330386118	0	0	0	0	0	0	0
2015	Benjamin Jeannot	Lorient	0	85.6	29.3	34.8244891569568	25.21606630701942	0	0	0	0	0	0	0
2015	Benjamin Jeannot	Lorient	0	90.3	50.6	93.53955916854997	9.718538984847468	1	1	0	0	0	0	0
2015	Benjamin Jeannot	Lorient	0	76.2	37.5	62.29109190516111	26.882894189428338	0	0	0	0	0	0	1
2015	Benjamin Jeannot	Lorient	0	74.0	39.9	68.77076636102365	27.892830620071532	0	0	0	0	0	0	0
2015	Benjamin Jeannot	Lorient	0	73.0	46.6	82.82275414914498	27.21323207559146	0	0	0	0	0	0	0
2015	Benjamin Jeannot	Lorient	0	76.7	29.9	49.21694282916857	30.771740282278476	0	0	0	0	0	0	0
2015	Benjamin Jeannot	Lorient	0	77.6	56.7	106.65229973035416	23.3805474700658	0	0	0	0	0	0	0
2015	Benjamin Jeannot	Lorient	0	74.2	64.3	118.99800637677518	29.4979660315758	0	0	0	0	0	0	0
2015	Benjamin Mendy	Marseille	0	68.9	60.1	107.99166343563687	32.69892964609086	0	1	0	0	0	0	0
2015	Benjamin Mendy	Marseille	0	88.6	56.2	118.53998518795997	12.976902558006673	1	1	0	0	0	0	0
2015	Benjamin Moukandjo	Lorient	0	93.0	49.7	87.54596832547296	7.006425622241343	1	1	0	0	0	0	0
2015	Benjamin Moukandjo	Lorient	0	75.0	69.2	127.52426261445179	31.522055770523597	0	0	0	0	0	0	0
2015	Benjamin Moukandjo	Lorient	0	75.4	50.5	91.16438804012388	24.60508077613239	0	1	0	0	0	0	0
2015	Benjamin Moukandjo	Lorient	0	89.2	45.4	66.92958775017534	11.73882447266335	1	1	0	0	0	0	0
2015	Benjamin Moukandjo	Lorient	0	93.1	52.8	112.08717160322831	7.44647567645259	1	1	0	0	0	0	0
2015	Benjamin Nivet	Troyes	0	75.4	67.7	125.73547601486702	30.305940011819462	0	0	0	0	0	0	0
2015	Benjamin Nivet	Troyes	0	86.4	47.4	79.1769887737929	13.846299144536776	0	0	0	0	0	0	0
2015	Benjamin Pavard	Lille	0	84.9	52.6	99.76970005053126	15.322206107476816	0	1	0	0	0	0	0
2015	Benoit Assou-Ekotto	St Etienne	0	75.8	72.6	133.04193257076597	33.11193138432127	0	0	0	0	0	0	0
2015	Benoit Assou-Ekotto	St Etienne	0	71.4	58.5	106.55209648813391	29.836387180756315	0	0	0	0	0	0	0
2015	Bernardo Silva	Monaco	0	85.3	35.1	44.61287224584906	20.93083849252103	0	0	0	0	0	0	0
2015	Bernardo Silva	Monaco	0	86.6	61.3	130.14038556902756	17.52854814295811	0	0	0	0	0	0	0
2015	Bernardo Silva	Monaco	1	89.3	62.9	140.3257406247677	16.760071598892413	0	0	0	0	0	0	0
2015	Bernardo Silva	Monaco	0	93.5	39.2	31.041709925488615	12.605157674539416	1	1	0	0	0	0	0
2015	Bernardo Silva	Monaco	0	87.7	42.9	60.00492038286022	14.202112518917739	1	1	0	0	0	0	0
2015	Bernardo Silva	Monaco	0	95.9	50.7	99.68878656036685	4.15932686861708	0	1	0	0	0	0	0
2015	Billy Ketkeophomphone	Angers	0	76.2	19.7	38.14887443298024	38.529599011668935	0	0	0	0	0	0	0
2015	Billy Ketkeophomphone	Angers	0	76.2	37.0	61.35581710101725	27.118997031601296	0	1	0	0	0	0	0
2015	Billy Ketkeophomphone	Angers	0	90.7	31.3	26.442362329238907	20.88492279133442	0	1	0	0	0	0	0
2015	Billy Ketkeophomphone	Angers	0	86.7	71.8	148.61297811561116	25.536836139193124	0	0	0	0	0	0	0
2015	Birama Toure	Nantes	0	76.3	24.6	43.01702786073178	34.739746688771355	0	0	0	0	0	0	0
2015	Birama Toure	Nantes	0	78.2	50.3	90.78842426244013	21.802064122463264	0	1	1	0	0	0	0
2015	Blaise Matuidi	PSG	1	90.2	65.3	147.35950872673544	18.16947990449919	0	0	0	0	0	0	0
2015	Blaise Matuidi	PSG	0	86.6	54.5	108.56312708674555	14.135416513141738	0	1	0	0	0	0	0
2015	Blaise Matuidi	PSG	1	91.6	65.8	152.00285263875736	17.894133116750865	0	0	0	0	0	0	0
2015	Bouna Sarr	Marseille	0	86.4	38.2	49.053554231831406	18.005554698481237	0	0	0	0	0	0	0
2015	Brandão	Bastia	0	93.0	36.7	27.75854060106003	15.02963738750872	0	0	0	0	1	0	0
2015	Brandão	Bastia	0	91.8	57.9	133.9325003162598	11.386395390991831	0	1	0	0	0	0	0
2015	Bryan Dabo	Montpellier	0	87.5	74.8	153.25042199066053	27.772108310317382	0	0	0	0	0	0	0
2015	Bryan Dabo	Montpellier	0	77.9	48.1	85.08620123762527	22.181523843054602	0	0	0	0	0	0	0
2015	Cédric Yambéré	Bordeaux	0	94.3	52.1	110.22485943116808	6.074537019394979	1	1	1	0	0	0	0
2015	Chaouki Ben Saada	Troyes	0	74.0	23.3	44.23900024287777	37.26781453211336	0	0	0	0	0	0	0
2015	Cheick Diabaté	Bordeaux	0	94.2	44.0	44.02897806892082	8.345058418010023	1	1	0	0	0	0	0
2015	Cheick Diabaté	Bordeaux	0	89.7	37.8	40.173141218877014	15.966527487215247	0	0	0	0	0	0	0
2015	Cheick Diabaté	Bordeaux	0	88.8	71.7	152.7004277886672	24.419868959517373	0	0	0	0	0	0	0
2015	Cheick Diabaté	Bordeaux	0	93.7	54.8	127.30394827798344	7.920227269466447	1	0	0	0	0	0	0
2015	Cheick Diabaté	Bordeaux	0	86.8	49.3	86.96443087494441	13.218547575282244	1	1	0	0	0	0	0
2015	Cheikh Ndoye	Angers	0	88.5	27.4	26.969247501837305	25.357641846196977	0	0	0	0	0	0	1
2015	Cheikh Ndoye	Angers	1	92.7	44.3	52.01650174472289	9.261749294814667	1	1	0	0	0	0	0
2015	Cheikh Ndoye	Angers	0	85.9	57.9	119.26119856255055	16.162301816263668	0	0	0	0	0	0	0
2015	Cheikh Ndoye	Angers	1	91.8	43.6	52.028396238949625	10.401922899156677	0	1	0	0	0	0	0
2015	Cheikh Ndoye	Angers	0	61.4	40.1	75.61503424339962	39.849341274354835	0	0	0	0	0	0	1
2015	Cheikh Ndoye	Angers	0	93.4	41.7	38.49104355949741	10.604244433244638	1	1	0	0	0	0	0
2015	Cheikh Ndoye	Angers	0	90.1	53.8	110.998719034387	10.604244433244649	1	0	0	0	0	0	0
2015	Cheikh Ndoye	Angers	0	73.3	48.1	85.9296336267752	26.76751762864835	0	0	0	0	0	0	0
2015	Cheikh Ndoye	Angers	0	73.7	41.5	72.08948302560574	27.639464538952268	0	1	0	0	0	0	0
2015	Cheikh Ndoye	Angers	0	90.2	44.2	59.38139459109062	11.387712676389404	0	1	0	0	0	0	0
2015	Cheikh Ndoye	Angers	0	96.3	66.9	167.65080229659557	17.300289014926893	0	0	0	0	0	0	0
2015	Cheikh Ndoye	Angers	0	74.5	47.9	85.29214775562778	25.586324472264476	0	0	0	0	0	0	0
2015	Christopher Maboulou	Bastia	0	94.3	66.0	160.39155872810971	16.984993376507393	1	1	0	0	0	0	0
2015	Christopher Maboulou	Bastia	0	86.3	68.5	143.47855197356995	23.02042571283164	0	0	0	0	0	1	0
2015	Claudio Beauvue	Lyon	1	87.0	25.9	28.343270558732645	27.382658746002004	0	0	0	0	0	0	0
2015	Claudio Beauvue	Lyon	0	89.2	54.2	111.25050550713325	11.587924749496779	1	1	1	0	0	0	0
2015	Claudio Beauvue	Lyon	0	71.8	70.5	126.01529076623736	34.863878154904114	0	0	0	0	0	0	0
2015	Claudio Beauvue	Lyon	0	69.5	62.2	111.80140948635183	32.849505323520475	0	0	0	0	0	0	0
2015	Claudio Beauvue	Lyon	0	90.0	57.9	128.3087355674477	12.744018204632319	1	1	1	0	0	0	0
2015	Claudio Beauvue	Lyon	0	85.9	26.2	30.644068581418246	27.663152387246104	0	1	0	0	0	0	0
2015	Claudio Beauvue	Lyon	1	89.7	42.7	54.673355432403504	12.624579200908041	1	0	0	0	0	0	0
2015	Claudio Beauvue	Lyon	0	89.3	52.1	101.1038334366361	10.904127658827187	0	0	0	0	0	0	0
2015	Claudio Beauvue	Lyon	0	88.6	43.1	58.81502534126164	13.32553938870769	1	1	0	0	0	0	0
2015	Claudio Beauvue	Lyon	0	92.7	42.6	44.610238804681934	10.394710193170367	1	1	1	0	0	0	0
2015	Claudio Beauvue	Lyon	0	91.9	57.5	132.79740183823424	11.039021695784456	1	1	1	0	0	0	0
2015	Claudio Beauvue	Lyon	0	70.7	52.0	93.90491744369437	29.368180059377185	0	0	0	0	0	0	0
2015	Claudio Beauvue	Lyon	0	88.2	55.0	112.96377305985456	12.815615474880632	0	0	0	0	0	0	0
2015	Clément Chantôme	Bordeaux	0	74.1	31.9	55.052544827076886	31.59778473247769	0	0	0	0	0	0	0
2015	Clément Chantôme	Bordeaux	0	72.1	40.9	71.93549286558837	29.346550052774525	0	0	0	0	0	0	0
2015	Clément Chantôme	Bordeaux	0	78.9	54.0	100.73437779349149	21.475800334329797	0	1	0	0	0	0	0
2015	Clément Chantôme	Bordeaux	0	94.6	45.6	50.82634202955582	6.965629906907203	0	1	1	0	0	0	0
2015	Clément Chantôme	Bordeaux	0	72.6	42.3	74.30347416309073	28.46137733842128	0	0	0	0	0	0	0
2015	Clément Chantôme	Bordeaux	0	77.3	52.3	95.78555486469747	22.81622229905731	0	0	0	0	0	0	0
2015	Clément Chantôme	Bordeaux	0	77.4	67.3	127.43357651724669	28.46137733842127	0	1	1	0	0	0	0
2015	Corentin Jean	Troyes	0	96.8	33.3	10.847346842953485	17.00382309952677	0	0	0	0	0	0	0
2015	Corentin Jean	Troyes	0	82.7	70.7	140.11284977988248	26.977397947170516	0	0	0	0	0	0	0
2015	Corentin Jean	Troyes	0	87.9	28.4	29.256902989934833	24.75823095457347	0	0	0	0	0	0	0
2015	Corentin Jean	Troyes	0	87.7	24.0	25.317750718788577	28.76264939118092	0	0	0	0	1	0	0
2015	Corentin Jean	Troyes	0	77.3	42.3	71.26270158510131	23.970398411373978	0	0	0	0	0	0	0
2015	Corentin Jean	Troyes	0	86.3	51.1	94.59054318560602	13.74408963882294	0	0	0	0	0	0	0
2015	Corentin Jean	Troyes	0	76.6	48.9	87.30858998422161	23.425840433162698	0	0	0	0	0	0	0
2015	Corentin Jean	Troyes	1	89.3	29.7	27.793427411958554	22.94733099948663	0	0	0	0	0	0	0
2015	Corentin Tolisso	Lyon	0	89.4	59.5	131.867534801432	14.234113952051947	0	1	1	0	0	0	0
2015	Corentin Tolisso	Lyon	0	74.0	45.8	80.82379665962385	26.33704615176121	0	0	0	0	0	0	0
2015	Corentin Tolisso	Lyon	0	73.7	56.2	103.26480293111541	27.020917823049608	0	0	0	0	0	0	0
2015	Corentin Tolisso	Lyon	0	70.8	63.8	115.29554640032657	32.296749062405645	0	0	0	0	0	0	0
2015	Corentin Tolisso	Lyon	0	71.0	51.5	92.96093613416376	29.038767191463208	0	0	0	0	0	0	0
2015	Corentin Tolisso	Lyon	0	91.1	47.9	76.72360295768402	9.144397191723472	1	1	1	0	0	0	0
2015	Corentin Tolisso	Lyon	0	84.4	34.8	45.74405920288869	21.780725424099167	0	0	0	0	0	0	0
2015	Damien Da Silva	Caen	0	90.3	48.2	79.48737283007867	9.865596788841517	1	1	1	0	0	0	0
2015	Damien Da Silva	Caen	1	84.8	44.3	69.44395478041653	16.23360711610331	1	0	0	0	0	0	0
2015	Damien Da Silva	Caen	0	90.7	40.5	44.3904934233248	13.294359706281456	0	0	0	0	0	0	0
2015	Damien Da Silva	Caen	0	93.9	52.0	108.15270588665118	6.419501538281608	0	0	0	0	0	0	0
2015	Damjan Djokovic	GFC Ajaccio	0	65.5	70.1	120.22544972495342	39.92818553353007	0	0	0	0	0	0	0
2015	Damjan Djokovic	GFC Ajaccio	0	68.7	32.7	61.06988409071832	35.762829865658	0	0	0	0	0	0	0
2015	Damjan Djokovic	GFC Ajaccio	0	75.9	53.6	98.49588587835203	24.36739624990737	0	0	0	0	0	0	0
2015	Damjan Djokovic	GFC Ajaccio	0	90.9	53.4	110.48701419333071	9.714422267947791	1	1	0	0	0	0	0
2015	Daniel Congré	Montpellier	0	91.5	46.4	67.04591346237152	9.230926280715279	1	1	0	0	0	0	0
2015	David Ducourtioux	GFC Ajaccio	0	76.6	27.0	45.493916898618764	32.81097377402872	0	0	0	0	0	0	0
2015	David Ducourtioux	GFC Ajaccio	0	72.5	58.3	106.7947689529435	28.725250216490718	0	0	0	0	0	0	0
2015	David Ducourtioux	GFC Ajaccio	0	54.4	26.8	63.034285567129864	51.162486257022344	0	0	0	0	0	0	0
2015	David Luiz	PSG	0	69.7	56.4	101.9267726387043	30.968532415986388	0	0	0	0	0	0	0
2015	David Luiz	PSG	0	73.3	62.4	114.9110733612732	29.438919817140032	0	0	0	0	0	0	0
2015	David Luiz	PSG	0	90.8	48.3	79.53082574228857	9.35574689696125	1	1	1	0	0	0	0
2015	David Luiz	PSG	0	91.1	50.9	95.77432590266326	8.945389874119524	1	1	0	0	0	0	0
2015	David Ngog	Reims	0	91.0	34.5	30.141385552075338	17.92344832893492	0	0	0	0	0	0	0
2015	David Ngog	Reims	0	83.7	47.0	79.57147152256194	16.57377446449661	0	0	0	0	0	0	0
2015	David Ngog	Reims	0	94.5	67.7	162.73817962838726	18.534832073693035	0	0	0	0	0	0	0
2015	Didier Bouanga	Lorient	0	84.0	63.4	129.94617394993566	20.870074269153907	0	1	0	0	0	0	0
2015	Didier Bouanga	Lorient	0	74.0	66.3	122.08454831074668	30.68696791799411	0	0	0	0	0	0	0
2015	Didier Bouanga	Lorient	0	90.2	41.5	49.063365992933036	12.972663566130125	0	1	0	0	0	0	0
2015	Didier Bouanga	Lorient	0	80.3	61.2	119.6194391776947	22.66120032125395	0	0	0	0	0	0	0
2015	Didier Bouanga	Lorient	0	90.4	87.1	165.4923461989688	38.32192583887192	0	0	0	0	0	0	0
2015	Didier Bouanga	Lorient	1	81.6	28.7	40.82208653672806	28.146935890075145	0	0	0	0	0	0	0
2015	Didier Bouanga	Lorient	0	93.5	28.2	16.602746170265167	22.748406537601706	0	0	0	0	1	0	0
2015	Didier Ibrahim Ndong	Lorient	0	91.5	50.7	94.70785224437225	8.52877482408816	0	1	0	0	0	0	0
2015	Didier Ibrahim Ndong	Lorient	0	82.8	48.7	85.67772294050896	17.24905794529081	0	1	0	0	0	0	0
2015	Didier Ibrahim Ndong	Lorient	0	68.2	49.3	88.73897580071744	31.807703469442743	0	0	0	0	0	0	0
2015	Diego Rolan	Bordeaux	0	80.8	29.5	43.1244859474876	28.087185690275202	0	1	0	0	0	0	0
2015	Djamel Bakar	Montpellier	0	81.5	32.3	46.26599900039473	25.603515383634335	0	1	0	0	0	0	0
2015	Djamel Bakar	Montpellier	0	76.9	57.9	108.88024384300716	24.413520843991343	0	0	0	0	0	0	0
2015	Djamel Bakar	Montpellier	0	79.3	66.7	128.89531512307113	26.596616326141945	0	0	0	0	0	0	0
2015	Djamel Bakar	Montpellier	0	88.5	62.2	136.69178856826449	16.76573887426379	1	1	0	0	0	0	0
2015	Djibril Sidibe	Lille	0	73.6	57.1	105.05292076970734	27.33806869550225	0	0	0	0	0	0	0
2015	Djibril Sidibe	Lille	0	86.8	68.3	144.1966558916289	22.56390923576852	0	0	0	0	1	0	0
2015	Dorian Leveque	Guingamp	0	87.9	75.4	154.52789947066705	28.134853829369725	0	1	0	0	0	0	0
2015	Edinson Cavani	PSG	0	74.9	60.3	112.3112147409588	27.131162894354524	0	0	0	0	0	0	0
2015	Edinson Cavani	PSG	0	90.8	65.8	149.78867761416515	18.28332573685652	0	0	0	0	0	0	0
2015	Edinson Cavani	PSG	0	86.9	44.3	66.4854433170634	14.286357128393504	1	1	0	0	0	0	0
2015	Edinson Cavani	PSG	0	90.4	42.9	53.51398792975033	11.940268003692376	1	1	0	0	0	0	0
2015	Edinson Cavani	PSG	0	76.9	34.8	56.654737415854655	27.652305509667723	0	0	0	0	0	0	0
2015	Edinson Cavani	PSG	0	85.3	47.4	79.96978668026716	14.928161306738351	0	0	0	0	0	0	0
2015	Edinson Cavani	PSG	0	88.5	52.4	101.78818329910762	11.747765745025731	1	1	0	0	0	0	0
2015	Edinson Cavani	PSG	0	87.8	58.1	123.5815529218009	14.644111444536337	1	1	0	0	0	0	0
2015	Edinson Cavani	PSG	0	86.2	55.9	113.14846298530665	15.00833101980363	0	0	0	0	0	0	0
2015	Edinson Cavani	PSG	0	89.7	73.4	156.24230046930975	25.566579747787934	0	0	0	0	0	0	0
2015	Edinson Cavani	PSG	0	88.2	46.0	71.27421215472744	12.459534501738013	1	0	0	0	0	0	0
2015	Edinson Cavani	PSG	0	73.3	52.4	95.13637849242772	26.80764816241813	0	0	0	0	1	0	0
2015	Edinson Cavani	PSG	1	91.2	59.0	135.6437457141754	12.587295182047649	1	1	0	0	0	0	0
2015	Edinson Cavani	PSG	0	89.3	58.3	127.80076636163234	13.541787178950939	1	0	0	0	1	1	0
2015	Edinson Cavani	PSG	0	92.8	54.8	123.69006752597976	8.653323061113575	0	1	0	0	0	0	0
2015	Edinson Cavani	PSG	1	85.5	64.3	134.60211903816543	20.365166338628317	0	0	0	0	0	1	0
2015	Emiliano Sala	Nantes	0	82.9	63.0	127.24332853740763	21.48045623351608	0	0	0	0	0	0	0
2015	Emiliano Sala	Nantes	0	91.7	46.8	68.91624541761934	8.895504482602433	1	1	0	0	0	0	0
2015	Enzo Crivelli	Bordeaux	0	86.8	53.2	103.62699485989154	13.58234147707972	0	1	0	0	0	0	0
2015	Enzo Crivelli	Bordeaux	0	93.4	54.2	122.47119229084853	7.823042886243175	0	0	0	0	0	0	0
2015	Éric Bautheac	Lille	0	80.4	71.6	137.7791668640721	29.16710475861462	0	0	0	0	0	0	0
2015	Éric Bautheac	Lille	0	87.8	40.3	51.51242302928785	15.586211855354723	0	1	0	0	0	0	0
2015	Éric Bautheac	Lille	0	75.8	36.2	60.30613897408988	27.85821243367923	0	0	0	0	0	0	0
2015	Éric Bautheac	Lille	0	87.0	30.5	33.690067525979785	23.43608329051593	0	0	0	0	0	0	0
2015	Éric Bautheac	Lille	0	73.0	42.1	73.69091507077563	28.13201023745015	0	0	0	0	0	0	0
2015	Ermir Lenjani	Nantes	1	92.4	65.2	153.43494882292202	16.994116628998402	0	0	0	0	0	0	0
2015	Étienne Didot	Toulouse	0	79.5	62.0	120.34324888423959	23.753947040439407	0	1	1	0	0	0	0
2015	Ezequiel Lavezzi	PSG	0	85.9	51.1	94.46084825851656	14.142842712835346	0	1	0	0	0	0	0
2015	Ezequiel Lavezzi	PSG	0	79.6	70.1	134.57559458063852	28.638610301479368	0	0	0	0	0	0	0
2015	Ezequiel Lavezzi	PSG	1	86.7	43.2	62.920329911804835	14.937536610833792	0	0	0	0	0	0	0
2015	Fabien Camus	Troyes	1	68.2	50.3	90.54051018713066	31.8014150628553	0	0	0	0	0	0	0
2015	Fabien Camus	Troyes	0	72.6	57.9	106.08339124949464	28.516135783096566	0	0	0	0	0	0	0
2015	Fabien Camus	Troyes	0	84.6	25.2	31.838947134429763	29.19246478117256	0	0	0	0	0	0	0
2015	Fabien Camus	Troyes	0	78.8	36.8	58.09189306434685	24.97358604606075	0	0	0	0	0	0	0
2015	Fallou Diagne	Rennes	0	69.2	33.5	61.82140989004083	34.9412363833909	0	1	0	0	0	0	0
2015	Fallou Diagne	Rennes	0	92.7	49.1	82.9716037610504	7.355270219373313	1	1	1	0	0	0	0
2015	Fares Bahlouli	Monaco	0	71.8	26.6	50.314545669944756	36.64423556304593	0	0	0	0	0	0	0
2015	Ferebory Dore	Angers	0	83.3	61.8	125.24452400240826	20.4482273070308	0	1	0	0	0	0	0
2015	Florent Balmont	Lille	0	70.0	54.4	98.3438915840331	30.32094985319556	0	0	0	0	0	0	0
2015	Florent Balmont	Lille	0	85.2	31.1	38.06338706982606	24.005207768315604	0	0	0	0	0	0	0
2015	Florent Balmont	Lille	0	81.6	27.0	38.6598082540901	29.454371492191108	0	1	0	0	0	0	0
2015	Florent Balmont	Lille	0	67.7	51.9	93.3664606634298	32.35583409526016	0	0	0	0	0	0	0
2015	Florent Balmont	Lille	0	78.2	27.2	43.71555647819922	31.544888650936777	0	1	1	0	0	0	0
2015	Florentin Pogba	St Etienne	0	88.7	66.5	145.59476571233714	19.99849994374578	0	1	0	0	0	0	0
2015	Florentin Pogba	St Etienne	0	91.9	56.8	130.01366622876452	10.575916035975318	1	1	1	0	0	0	0
2015	Florentin Pogba	St Etienne	0	71.8	49.7	89.39049342332481	28.201595699534455	0	0	0	0	0	0	0
2015	Florian Thauvin	Marseille	0	78.2	50.3	90.78842426244013	21.802064122463264	0	0	0	0	0	0	0
2015	Florian Thauvin	Marseille	0	85.2	70.5	144.17255292012626	25.284184780213895	0	0	0	0	0	0	0
2015	Floyd Ayité	Bastia	0	84.0	35.5	47.81555668421123	21.592822881689184	0	0	0	0	0	0	0
2015	Floyd Ayité	Bastia	1	92.3	63.5	150.30084557245	15.54155719353759	0	0	0	0	0	0	0
2015	Floyd Ayité	Bastia	0	86.4	38.7	50.2774060829072	17.681911661356068	0	1	0	0	0	0	0
2015	Floyd Ayité	Bastia	0	76.7	68.3	128.1463648283498	29.62735222729159	0	0	0	0	0	0	0
2015	Floyd Ayité	Bastia	0	73.7	44.4	77.9796529844177	26.8895890634275	0	0	0	0	0	0	0
2015	Floyd Ayité	Bastia	1	94.9	35.3	19.133643205905457	15.559562975867928	0	1	0	0	0	0	0
2015	Floyd Ayité	Bastia	0	91.9	38.7	35.633490042987866	13.903237033151662	0	1	0	0	0	0	0
2015	Floyd Ayité	Bastia	0	80.1	29.1	43.59597278089573	28.858620895669983	0	0	0	0	0	0	0
2015	Floyd Ayité	Bastia	0	87.1	47.7	79.89070150750484	13.103434664239758	0	1	0	0	0	0	0
2015	Francois Kamano	Bastia	0	89.8	55.6	118.76764933884381	11.63615056623109	0	0	0	0	0	0	1
2015	Francois Kamano	Bastia	0	91.2	46.2	66.64443514071401	9.585405573057404	1	1	0	0	0	0	0
2015	Francois Kamano	Bastia	0	77.5	38.7	63.33318022743467	25.17816514363189	0	0	0	0	0	0	0
2015	Francois Kamano	Bastia	0	79.6	68.7	132.51044707800085	27.673995013369506	0	0	0	0	0	0	0
2015	Francois Kamano	Bastia	1	94.3	41.5	33.84534026107172	10.234256201600585	0	1	1	0	0	0	0
2015	Francois Kamano	Bastia	0	94.9	68.1	164.26386459854106	18.804786624686805	0	0	1	0	0	0	0
2015	Francois Kamano	Bastia	0	86.0	16.8	22.864508121899647	36.031097679643345	0	0	0	0	0	0	0
2015	Francois Kamano	Bastia	0	76.7	50.3	90.7376731374322	23.301931250435015	0	0	0	0	1	0	0
2015	Francois Kamano	Bastia	0	71.3	45.4	80.89415145854922	29.066303514551006	0	0	0	0	0	0	1
2015	Frédéric Bulot	Reims	0	77.3	36.2	58.70334726838527	26.56557923328607	0	0	0	0	0	0	0
2015	Frédéric Bulot	Reims	0	81.6	73.4	141.82115236478435	29.767767803448088	0	0	0	0	0	0	0
2015	Frédéric Bulot	Reims	0	95.0	65.4	162.01266534793857	16.191355718407284	0	1	0	0	0	0	0
2015	Frédéric Bulot	Reims	0	71.1	32.5	58.80357153062328	33.785499848307715	0	0	0	0	0	0	0
2015	Frederic Guilbert	Bordeaux	0	72.5	45.4	80.50389490702547	27.882073093656434	0	1	1	0	0	0	0
2015	Frederic Guilbert	Bordeaux	0	83.1	60.7	122.33937707974127	20.002499843769534	0	0	0	0	0	0	0
2015	Frederic Guilbert	Bordeaux	0	76.4	27.0	45.73767313743219	32.95390720385065	0	0	0	0	0	0	0
2015	Gaël Danic	Bastia	0	80.3	41.1	65.68765857043486	21.617122842783683	0	0	0	0	0	0	0
2015	Gaël Danic	Bastia	1	96.3	64.3	165.49335840247568	14.770917371646215	0	0	0	0	1	0	0
2015	Gaëtan Charbonnier	Reims	1	83.0	94.9	159.26237441961484	48.010519680586675	0	1	1	0	0	0	0
2015	Gaëtan Charbonnier	Reims	0	96.8	39.1	16.361077455346322	11.36001760562016	0	0	0	0	0	0	0
2015	Georges-Kévin Nkoudou Mbida	Marseille	0	87.7	31.5	33.61853725164018	22.215760171553885	0	0	0	0	0	0	0
2015	Georges-Kévin Nkoudou Mbida	Marseille	0	91.9	34.0	26.85081329395451	17.933488227336028	0	1	0	0	0	0	0
2015	Gilles Sunu	Angers	0	70.8	46.4	82.97160376105039	29.42108087749327	0	0	0	0	0	0	0
2015	Gilles Sunu	Angers	1	85.1	46.2	75.69264287958973	15.376930773076925	0	0	0	0	0	0	0
2015	Gilles Sunu	Angers	0	73.0	22.5	44.474365393542385	38.53894134508627	0	0	0	0	0	0	0
2015	Gilles Sunu	Angers	0	88.3	52.4	101.59217541029106	11.943617542436632	1	0	0	0	0	0	0
2015	Gilles Sunu	Angers	0	74.3	60.9	112.98299123204743	27.915945264310864	0	0	0	0	0	0	0
2015	Gilles Sunu	Angers	0	93.8	30.5	17.63799556229735	20.46191584383046	0	0	0	0	0	0	0
2015	Giovanni Sio	Rennes	1	95.7	46.8	53.34389158403305	5.360037313302959	1	1	0	0	0	0	0
2015	Giovanni Sio	Rennes	0	85.6	57.3	116.88247607083046	16.144658559412154	0	0	0	0	0	0	0
2015	Giovanni Sio	Rennes	0	78.8	56.0	105.80251395393553	22.032702966272662	0	0	0	0	0	0	0
2015	Giovanni Sio	Rennes	0	89.8	47.4	75.69972255081441	10.526157893552616	1	1	0	0	0	0	0
2015	Giovanni Sio	Rennes	0	91.9	53.8	115.13295499291334	8.947066558375427	1	1	0	0	0	0	0
2015	Giovanni Sio	Rennes	0	85.9	17.0	23.135697257335828	35.88606972071475	0	0	0	0	0	0	0
2015	Giovanni Sio	Rennes	0	86.0	28.6	33.192936578401444	25.57264163124334	0	0	0	0	0	0	0
2015	Giovanni Sio	Rennes	0	90.2	54.0	112.2034785320574	10.58489489791939	1	1	0	0	0	0	0
2015	Giovanni Sio	Rennes	1	91.2	41.3	45.32740089084437	12.37457069962429	0	1	0	0	0	0	0
2015	Goran Karanoviç	Angers	0	86.0	32.1	38.02977696672776	22.724656213021134	0	0	0	0	0	0	0
2015	Goran Karanoviç	Angers	0	81.6	28.4	40.42607874009914	28.374636561549124	0	1	0	0	0	0	0
2015	Grégory Pujol	GFC Ajaccio	0	75.4	41.5	70.93851234167558	26.027101260032776	0	0	0	0	0	0	0
2015	Grégory Pujol	GFC Ajaccio	0	86.8	39.3	50.97156589779643	16.992056967889443	0	0	0	0	0	0	1
2015	Grégory Pujol	GFC Ajaccio	0	88.9	58.5	127.44365594356056	13.980700983856277	1	0	0	0	0	0	0
2015	Grégory Pujol	GFC Ajaccio	0	81.1	30.3	43.812692684271184	27.3001831495688	0	1	1	0	0	0	0
2015	Grégory Pujol	GFC Ajaccio	0	69.6	46.2	82.87498365109822	30.636579443534494	0	0	0	0	0	0	0
2015	Grejohn Kyei	Reims	0	97.5	43.2	20.185803009464856	7.244998274671979	0	0	0	0	0	0	0
2015	Grejohn Kyei	Reims	0	94.2	36.0	22.503528499767413	15.153877391611692	0	0	0	0	0	0	0
2015	Grejohn Kyei	Reims	1	85.5	54.2	106.1539328491009	15.096025967121282	0	0	0	0	0	0	0
2015	Grejohn Kyei	Reims	0	89.7	45.4	65.93436841944272	11.280514172678476	1	1	1	0	0	0	0
2015	Guido Carrillo	Monaco	0	87.9	61.7	134.03713637436383	16.831518053936787	1	1	1	0	0	0	0
2015	Guido Carrillo	Monaco	0	92.2	57.1	132.31022967684956	10.547511554864492	1	1	0	0	0	0	0
2015	Guido Carrillo	Monaco	0	91.9	58.3	135.6986943829835	11.597413504743198	1	1	0	0	0	0	0
2015	Guido Carrillo	Monaco	0	90.1	40.3	45.58463052070518	13.860014430006926	0	1	0	0	0	0	0
2015	Guido Carrillo	Monaco	0	90.5	54.8	116.80578832979978	10.643777524920369	0	0	0	0	0	0	0
2015	Guido Carrillo	Monaco	0	94.1	49.3	83.23382517744692	5.941380311005185	1	0	0	0	0	0	0
2015	Guido Carrillo	Monaco	0	96.7	44.2	29.638383688151333	6.673080248281145	0	1	1	0	0	0	0
2015	Hamari Traore	Reims	0	87.7	29.9	31.46414363086575	23.564804263986577	0	1	0	0	0	0	0
2015	Hamari Traore	Reims	1	74.3	34.2	58.41738191266993	30.168360910066028	0	1	1	0	0	0	0
2015	Hatem Ben Arfa	Nice	1	94.1	66.4	160.21349587147864	17.428998823799382	0	0	0	0	0	0	0
2015	Hatem Ben Arfa	Nice	0	80.0	51.9	95.42681249857282	20.090047287151915	0	0	0	0	0	0	0
2015	Hatem Ben Arfa	Nice	0	75.9	52.1	94.97999959631099	24.19132075766017	0	0	0	0	0	0	0
2015	Hatem Ben Arfa	Nice	0	81.4	21.3	32.94661170967143	34.20014619851792	0	0	0	0	0	0	0
2015	Hatem Ben Arfa	Nice	0	75.6	27.8	47.70294403781472	32.987876560942816	0	1	1	0	0	0	0
2015	Hatem Ben Arfa	Nice	0	70.1	49.3	88.65887222028282	29.908192857476365	0	0	0	0	0	0	0
2015	Hatem Ben Arfa	Nice	0	75.8	75.0	135.9315565980775	34.79425239892359	0	0	0	0	0	0	0
2015	Henri Bedimo	Lyon	0	75.5	59.7	111.59952244480758	26.350332066218826	0	1	1	0	0	0	0
2015	Henri Bedimo	Lyon	0	68.8	71.4	124.44612630173046	37.83384727991591	0	0	0	0	0	0	0
2015	Henri Bienvenu	Troyes	0	90.4	73.6	157.86450812189966	25.477833502870677	0	0	0	0	0	0	0
2015	Henri Saivet	Bordeaux	0	74.8	35.3	59.743562836470744	29.174132377844597	0	1	0	0	0	0	0
2015	Henri Saivet	Bordeaux	0	79.6	70.3	134.85922441224093	28.77933286231632	0	0	0	0	0	0	0
2015	Henri Saivet	Bordeaux	0	77.1	59.3	112.10273687845343	24.716391322359346	0	0	0	0	0	0	0
2015	Henri Saivet	Bordeaux	1	80.0	51.5	94.28915332881903	20.05617112013158	0	0	0	0	0	0	0
2015	Henri Saivet	Bordeaux	0	74.0	46.8	82.98349825527708	26.196182928052707	0	1	0	0	0	0	0
2015	Henri Saivet	Bordeaux	0	93.3	58.7	142.3995946598871	10.980892495603447	1	1	1	0	0	0	0
2015	Henri Saivet	Bordeaux	0	76.6	68.7	128.62993558760343	29.954131601500325	0	0	0	0	0	0	0
2015	Herve Bazile	Caen	0	96.1	73.4	170.53767779197437	23.722773868163063	0	0	0	0	0	0	0
2015	Hilton	Montpellier	0	87.9	28.9	29.832534129397715	24.323239915767797	1	0	0	0	0	0	0
2015	Hilton	Montpellier	0	85.9	53.8	105.08305982232989	14.603081866510227	1	0	0	0	0	0	0
2015	Hilton	Montpellier	0	92.6	56.2	129.9575489308291	9.654014708917742	1	1	1	0	0	0	0
2015	Isaac Thelin	Bordeaux	0	75.6	48.5	86.48214560419822	24.446063077722766	0	0	0	0	0	0	0
2015	Isaac Thelin	Bordeaux	0	95.2	45.2	45.0	6.788225099390853	1	1	1	0	0	0	0
2015	Ismael Diomande	St Etienne	0	63.7	31.7	63.24585452757825	40.65193722321238	0	0	0	0	0	0	0
2015	Ismael Diomande	St Etienne	0	73.6	45.2	79.69515353123397	26.83281572999748	0	0	0	0	0	0	0
2015	Ismael Diomande	St Etienne	0	76.3	43.6	74.88817162221345	24.548930730278254	0	0	0	0	0	0	0
2015	Ismael Traoré	Angers	0	94.6	58.1	146.3099324740202	9.734988443752776	1	1	0	0	0	0	0
2015	Ismael Traoré	Angers	0	91.2	48.9	82.8749836510982	8.868483523128402	1	1	1	0	0	0	0
2015	Ismael Traoré	Angers	0	91.8	49.1	83.73650938566549	8.24924238945614	1	1	1	0	0	0	0
2015	Issiaga Sylla	GFC Ajaccio	0	68.2	23.7	50.40775381531473	41.266572428540755	0	0	0	0	0	0	0
2015	Issiaga Sylla	GFC Ajaccio	0	86.0	33.8	40.83349511445132	21.411212016137714	0	0	0	0	0	0	0
2015	Ivan Cavaleiro	Monaco	0	75.1	36.9	62.250943884784995	28.13574239290658	0	0	0	0	0	0	0
2015	Ivan Cavaleiro	Monaco	0	89.4	72.4	154.6758185980528	24.781444671366522	0	0	0	0	0	0	0
2015	Ivan Cavaleiro	Monaco	0	86.8	67.0	142.17171216538708	21.523010941780427	0	0	0	0	0	0	0
2015	Ivan Cavaleiro	Monaco	0	94.7	60.4	152.99590929724036	11.67261752992875	1	1	0	0	0	0	0
2015	Ivan Cavaleiro	Monaco	0	80.2	72.6	138.77819770716158	30.046630426721723	0	0	0	0	0	0	0
2015	Jacques-Alaixys Romao	Marseille	0	92.0	37.2	32.0053832080835	15.094369811290564	1	1	1	0	0	0	0
2015	Jacques Zoua	GFC Ajaccio	0	71.3	41.5	73.5024360769286	29.9322568477554	0	0	0	0	0	0	0
2015	Jacques Zoua	GFC Ajaccio	0	86.3	28.0	31.91164786510376	25.916982849089514	0	0	0	0	0	0	0
2015	Jacques Zoua	GFC Ajaccio	0	75.5	37.2	62.41522871134765	27.642177917088947	0	0	0	0	0	0	0
2015	Jacques Zoua	GFC Ajaccio	0	74.0	37.8	64.86258549748226	28.720027855139694	0	0	0	0	0	0	0
2015	Jacques Zoua	GFC Ajaccio	0	91.5	48.5	79.99202019855866	8.631338250816034	1	1	0	0	0	0	0
2015	Javier Manquillo	Marseille	0	95.4	41.9	29.592296359357945	9.315041599477695	1	0	0	0	1	0	0
2015	Javier Pastore	PSG	0	90.3	68.2	151.94385527120903	20.623530250662718	0	0	0	0	0	0	0
2015	Javier Pastore	PSG	0	79.7	34.0	51.755622142036394	25.847437010272408	0	0	0	0	0	0	0
2015	Jean-Christophe Bahebeck	St Etienne	0	95.4	61.6	158.36911316348213	12.478781991845196	1	1	0	0	0	0	0
2015	Jean-Christophe Bahebeck	St Etienne	0	87.5	60.3	129.48852258397937	16.19691328617894	0	0	0	0	0	0	0
2015	Jean-Christophe Bahebeck	St Etienne	0	94.8	56.0	139.08561677997488	7.939773296511685	0	0	0	0	0	0	0
2015	Jean-Christophe Bahebeck	St Etienne	0	93.5	56.2	133.64680804622034	8.982761268117951	1	1	0	0	0	0	0
2015	Jean-Christophe Bahebeck	St Etienne	0	88.7	94.9	165.8737160936029	46.30010799123475	0	0	0	0	0	0	0
2015	Jean-Christophe Bahebeck	St Etienne	0	70.4	56.2	101.83011332616805	30.24235440570062	0	0	0	0	0	0	0
2015	Jean-Daniel Akpa-Akpro	Toulouse	0	77.9	50.7	91.81419190902997	22.11108319372888	0	1	0	0	0	0	0
2015	Jean-Kevin Augustin	PSG	0	95.6	29.9	12.347588135758356	20.575956842878536	0	0	0	0	0	1	0
2015	Jean-Kevin Augustin	PSG	0	92.2	52.0	104.38139459109061	8.052328855678955	1	1	0	0	0	0	0
2015	Jean-Kevin Augustin	PSG	0	90.6	36.1	34.06887707758858	16.780047675736803	0	0	0	0	0	1	0
2015	Jean Seri	Nice	0	77.1	31.6	51.21835082481024	29.376351032761033	0	0	0	0	0	0	0
2015	Jean Seri	Nice	0	91.1	48.1	77.94921511659047	9.10054943396277	1	1	0	0	0	0	0
2015	Jean Seri	Nice	0	79.3	60.1	116.00879894999733	23.032585612562045	0	0	0	0	0	0	0
2015	Jean Seri	Nice	0	75.1	32.7	55.20923407606075	30.31996042213776	0	0	0	0	0	0	0
2015	Jérémy Morel	Lyon	0	81.5	70.7	138.21220976010923	27.762204523416365	0	0	0	0	1	0	0
2015	Jérémy Toulalan	Monaco	0	76.9	29.5	48.41267935158685	30.88462400612965	0	1	1	0	0	0	0
2015	Jérémy Toulalan	Monaco	0	68.9	67.0	118.6620658483739	35.443052915910044	0	0	0	0	0	0	0
2015	Jerome Le Moigne	GFC Ajaccio	0	90.9	59.5	136.23197740263976	13.155227098001763	1	1	1	0	0	0	0
2015	Jérôme Roussillon	Montpellier	0	82.9	26.6	36.15818543980832	28.98223593858831	0	0	0	0	0	0	0
2015	Jessy Pi	Troyes	0	76.2	36.8	60.986292239097594	27.21543679605381	0	0	0	0	0	0	0
2015	Jessy Pi	Troyes	0	74.5	22.7	43.04749095060039	37.356927068483564	0	0	0	0	0	0	0
2015	Jessy Pi	Troyes	0	91.3	35.4	30.790308688005542	16.99558766268469	0	1	0	0	0	0	0
2015	Jessy Pi	Troyes	0	82.5	54.4	104.11325387788646	18.04466680213298	0	0	0	0	0	0	0
2015	Jessy Pi	Troyes	0	73.4	49.1	88.06216023455889	26.615221208924783	0	1	0	0	0	0	0
2015	Jimmy Briand	Guingamp	0	96.2	57.3	152.50086126895286	8.22982381342395	1	1	0	0	0	0	0
2015	Jimmy Briand	Guingamp	0	77.8	59.5	113.16743457353627	24.14725657295255	0	0	0	0	0	0	0
2015	Jimmy Briand	Guingamp	0	76.7	45.6	79.30612743437902	23.71181140275875	0	0	0	0	0	0	1
2015	Jimmy Briand	Guingamp	0	92.2	34.2	26.274212154727437	17.6204426732134	0	0	0	0	0	1	0
2015	Jimmy Briand	Guingamp	0	80.9	39.6	61.43159227475049	21.747873459260326	0	0	0	0	0	0	0
2015	Jimmy Briand	Guingamp	0	80.1	41.7	67.35969417536941	21.561539833694628	0	0	0	0	0	0	0
2015	Jimmy Cabot	Troyes	0	94.5	30.3	15.599085802839234	20.453361581901397	0	0	0	0	0	0	0
2015	João Moutinho	Monaco	0	80.3	76.3	143.16497500932218	32.8600060864267	0	0	0	0	0	0	0
2015	João Moutinho	Monaco	0	76.0	70.7	130.77776979385732	31.693690223765362	0	0	0	0	0	0	0
2015	João Moutinho	Monaco	0	73.2	49.5	88.93117288815	26.804663773306313	0	0	0	0	0	0	0
2015	João Moutinho	Monaco	0	75.5	65.6	122.48632188635453	29.044965140278613	0	0	0	0	0	0	0
2015	Johan Audel	Nantes	0	88.3	56.1	117.53607310815717	13.194695904036594	1	1	0	0	0	0	0
2015	Johan Audel	Nantes	0	95.9	30.1	11.641757602957032	20.317972339778393	0	0	0	0	0	0	0
2015	Johan Audel	Nantes	0	96.5	72.5	171.15818543980834	22.7705950734714	0	0	0	0	0	0	0
2015	Johan Audel	Nantes	0	90.4	45.9	66.87347961125118	10.43886967061089	0	1	1	0	0	0	1
2015	Johan Audel	Nantes	0	79.8	29.7	44.858529226971804	28.6379119350556	0	0	0	0	0	0	1
2015	Johan Audel	Nantes	0	87.6	32.2	34.862196146914876	21.693316943243143	0	0	0	0	0	0	0
2015	Johan Audel	Nantes	0	85.2	48.7	84.98014635798046	14.856984889270095	1	1	0	0	0	0	0
2015	Johan Audel	Nantes	0	96.8	34.4	11.592175410291079	15.924823389915508	0	0	0	0	0	0	0
2015	Johan Audel	Nantes	0	93.0	51.8	104.42077312751097	7.22772439983706	1	1	0	0	0	0	0
2015	Johan Audel	Nantes	0	98.3	57.5	167.22875743509854	7.6902535718921525	0	1	0	0	0	0	0
2015	John Tshibumbu Lungeny	GFC Ajaccio	0	90.2	41.9	50.42522636842032	12.714165328483029	1	0	0	0	0	0	0
2015	John Tshibumbu Lungeny	GFC Ajaccio	0	74.8	71.5	130.46996859581077	33.12536792248503	0	0	0	0	1	0	0
2015	Jonas Martin	Montpellier	0	87.9	65.4	141.84277341263098	19.584943196241344	0	0	0	0	0	1	0
2015	Jonas Martin	Montpellier	0	93.7	67.3	159.99030611132483	18.411409506064434	0	0	0	0	0	0	0
2015	Jonas Martin	Montpellier	0	71.7	72.4	128.36229930780175	36.092242933904785	0	0	0	0	0	0	0
2015	Jonas Martin	Montpellier	0	71.5	55.6	101.11649708634911	29.044965140278617	0	0	0	0	0	0	0
2015	Jonas Martin	Montpellier	0	88.9	40.3	48.85063882391073	14.741099009232654	1	1	0	0	0	0	0
2015	Jonathan Bamba	St Etienne	0	87.2	39.6	50.906141113770495	16.49242250247064	0	0	0	0	0	0	0
2015	Jonathan Bamba	St Etienne	0	92.6	54.4	120.73548770192009	8.609297300012358	1	1	0	0	0	0	0
2015	Jonathan Bamba	St Etienne	0	85.9	47.6	80.34010692155766	14.302796929272255	0	0	0	0	0	0	0
2015	Jonathan Delaplace	Caen	0	84.3	33.6	43.75075732130277	22.703523955544878	0	0	0	0	0	0	0
2015	Jonathan Delaplace	Caen	0	75.8	69.3	128.57308413336773	30.95367506452182	0	0	0	0	0	0	0
2015	Jonathan Delaplace	Caen	0	88.7	53.2	105.81137093013847	11.744360348695025	1	1	0	0	0	0	0
2015	Jonathan Delaplace	Caen	0	80.9	62.0	122.14000650243312	22.556817151362463	0	1	0	0	0	0	0
2015	Jonathan Delaplace	Caen	0	78.2	56.0	105.38846783275899	22.610616975217635	0	1	0	0	0	0	0
2015	Jonathan Delaplace	Caen	0	86.4	48.5	83.70605181104892	13.682470537150804	0	0	0	0	0	0	0
2015	Jonathan Delaplace	Caen	0	84.2	53.6	102.83560948640144	16.204937519163717	0	0	0	0	0	0	0
2015	Jonathan Pereira	Troyes	0	89.2	39.9	46.91828032514682	14.786818454285559	0	1	1	0	0	0	0
2015	Jordan Adeoti	Caen	0	95.7	58.1	152.03776779562565	9.170605214488301	0	1	1	0	0	0	1
2015	Jordan Adeoti	Caen	0	76.7	63.8	120.63718501118736	27.08006646963777	0	1	1	0	0	0	1
2015	Jordan Ferri	Lyon	0	73.7	42.3	73.68125342670145	27.404014304477364	0	1	1	0	0	0	1
2015	Jordan Ferri	Lyon	0	83.4	52.3	97.88834944488788	16.758579892103025	0	1	0	0	0	0	0
2015	Jordan Ferri	Lyon	0	76.7	52.9	97.09474916761104	23.47977853387889	0	1	1	0	0	0	0
2015	Julian Palmieri	Bastia	1	90.9	66.2	150.67584116430177	18.580904176062045	0	1	0	0	0	0	0
2015	Julian Palmieri	Bastia	1	93.2	60.2	146.30993247402026	12.258874336577565	0	1	1	0	0	0	1
2015	Julien Féret	Caen	0	79.2	61.2	118.30075576600639	23.623716896373438	0	0	0	0	0	0	1
2015	Julien Féret	Caen	0	68.8	63.1	112.77616129919335	33.83858744096745	0	1	0	0	0	0	0
2015	Julien Féret	Caen	0	77.7	67.1	127.48157312055783	28.10160137785745	0	1	0	0	0	0	0
2015	Junior Tallo	Lille	0	85.6	57.3	116.88247607083046	16.144658559412154	0	0	0	0	0	1	0
2015	Kamil Grosicki	Rennes	0	89.8	32.7	30.52340481346298	20.083077453418337	0	0	0	0	0	0	0
2015	Kamil Grosicki	Rennes	1	79.0	83.4	147.8406790120928	39.45326348985595	0	0	0	0	0	0	0
2015	Kamil Grosicki	Rennes	0	89.3	65.8	145.89354605803717	19.08219064992277	0	0	0	0	0	0	0
2015	Kévin Berigaud	Montpellier	0	77.8	47.0	82.30394827798344	22.401785643113367	0	0	0	0	0	0	0
2015	Kévin Berigaud	Montpellier	0	79.3	61.3	118.62984909991646	23.58346878641902	0	1	1	0	0	0	0
2015	Kévin Berigaud	Montpellier	0	90.8	40.1	42.90109406679647	13.51480669488099	1	1	0	0	0	0	0
2015	Kévin Berigaud	Montpellier	0	86.3	61.3	129.51640955553557	17.758941409892653	1	1	0	0	0	0	0
2015	Kévin Berigaud	Montpellier	0	88.7	42.9	57.858090172998175	13.345411196362589	0	1	0	0	0	0	0
2015	Kevin Gomis	Nice	0	76.6	24.0	41.987212495816664	34.97942252239165	0	0	0	0	0	0	0
2015	Kévin Mayi	GFC Ajaccio	0	79.2	61.1	118.08678228972627	23.576471322061746	0	0	0	0	0	0	0
2015	Kévin Mayi	GFC Ajaccio	0	82.8	44.5	72.2674160919606	18.057962232765913	0	0	0	0	0	0	1
2015	Kévin Mayi	GFC Ajaccio	0	71.8	49.9	89.79682432853362	28.20017730440715	0	0	0	0	0	0	0
2015	Kévin Monnet-Paquet	St Etienne	0	92.2	66.0	154.010766416167	17.8	0	0	0	0	0	0	0
2015	Kévin Monnet-Paquet	St Etienne	0	77.3	35.4	57.25201865697375	26.989812893015767	0	0	0	0	0	0	0
2015	Kévin Monnet-Paquet	St Etienne	0	94.3	56.6	139.1849161251184	8.720665112249183	1	0	0	0	1	0	0
2015	Kévin Monnet-Paquet	St Etienne	0	79.6	30.7	46.58713441372276	28.082912954321536	0	0	0	0	0	0	0
2015	Kévin Monnet-Paquet	St Etienne	0	75.6	19.2	38.38653951768525	39.293765408777006	0	0	0	0	0	0	0
2015	Kevin Soni	Bordeaux	0	78.6	78.5	143.09794984377507	35.64000561167184	0	0	0	0	0	0	0
2015	Kévin Théophile-Catherine	St Etienne	0	91.6	42.5	48.23970029610215	11.26099462747408	0	0	0	0	0	0	0
2015	Khalid Boutaib	GFC Ajaccio	0	78.1	22.9	38.942304205479005	34.84278978497561	0	0	0	0	0	0	0
2015	Khalid Boutaib	GFC Ajaccio	0	90.7	24.2	19.82246457036521	27.424988605284778	0	0	0	0	0	0	0
2015	Khalid Boutaib	GFC Ajaccio	0	76.0	66.9	125.15192985735406	29.353194034039976	0	0	0	0	0	0	0
2015	Kolbeinn Sigthorsson	Nantes	0	94.1	41.9	36.069409899581025	10.020977996183811	1	1	0	0	0	0	0
2015	Kolbeinn Sigthorsson	Nantes	0	95.4	56.3	143.86462338841082	7.800640999302551	0	1	0	0	0	0	0
2015	Kolbeinn Sigthorsson	Nantes	0	72.5	68.3	123.64196024970022	33.032408328791284	0	0	0	0	0	0	0
2015	Kolbeinn Sigthorsson	Nantes	0	81.8	64.4	128.35135481673112	23.207757323791547	0	0	0	0	0	0	0
2015	Kolbeinn Sigthorsson	Nantes	0	91.6	30.9	23.739440838028198	20.86552180032889	0	0	0	0	0	0	0
2015	Kolbeinn Sigthorsson	Nantes	0	93.7	38.6	28.9264258352536	13.024976007655445	0	0	0	0	0	0	0
2015	Kolbeinn Sigthorsson	Nantes	0	92.3	78.1	164.67589183056876	29.13588852257641	0	0	0	0	0	0	0
2015	Lamine Koné	Lorient	0	96.0	37.4	17.612577842923827	13.219682295728594	1	1	0	0	0	0	0
2015	Lars Jacobsen	Guingamp	0	77.5	21.1	37.90242415642982	36.62594708673074	0	0	0	0	0	0	0
2015	Lassana Couibaly	Bastia	1	90.8	40.1	42.90109406679647	13.51480669488099	0	1	1	0	0	0	0
2015	Lass Diarra	Marseille	1	77.7	54.4	101.16162621460838	22.72993620756556	0	0	1	0	0	0	0
2015	Layvin Kurzawa	Monaco	0	95.6	51.3	106.46001481203999	4.58802789878179	1	1	0	0	0	0	0
2015	Layvin Kurzawa	Monaco	0	85.7	55.2	109.9831065219	15.216109883935511	1	1	1	0	0	0	0
2015	Layvin Kurzawa	Monaco	1	97.0	51.5	116.56505117707799	3.3541019662496847	1	1	0	0	0	0	0
2015	Layvin Kurzawa	Monaco	0	93.5	54.8	126.4444417565871	8.080222769206303	1	1	0	0	0	0	0
2015	Léo Dubois	Nantes	0	76.2	53.4	98.13010235415598	24.04163056034261	0	0	0	0	1	0	0
2015	Loic Perrin	St Etienne	0	96.8	49.9	88.21008939175391	3.201562118716427	1	1	1	0	0	0	0
2015	Loic Perrin	St Etienne	1	95.4	55.3	139.04448557418112	7.017834423809094	0	1	1	0	0	0	0
2015	Loic Perrin	St Etienne	1	91.9	51.1	97.73359809902288	8.174350127074318	1	1	1	0	0	0	0
2015	Lossemy Karaboue	Troyes	0	85.1	49.5	88.07804404106858	14.90838690133846	0	1	0	0	0	0	0
2015	Lossemy Karaboue	Troyes	0	83.8	76.5	148.56168960813642	31.059459106687612	0	0	0	0	0	0	0
2015	Lossemy Karaboue	Troyes	0	88.6	46.8	74.32047587758075	11.840608092492554	0	0	0	0	0	0	0
2015	Lossemy Karaboue	Troyes	0	78.8	41.3	67.68786370499832	22.915715131760564	0	0	0	0	0	0	0
2015	Lossemy Karaboue	Troyes	0	68.0	62.0	110.55604521958347	34.17601498127012	0	0	0	0	0	0	0
2015	Lucas Moura	PSG	0	84.5	39.9	56.91121543197159	18.500270268296084	0	0	0	0	0	0	0
2015	Lucas Moura	PSG	0	87.8	41.9	56.41844707819911	14.644111444536337	0	0	0	0	0	0	0
2015	Lucas Moura	PSG	0	89.8	41.9	51.54629078329404	13.02497600765545	0	0	0	0	0	0	0
2015	Lucas Moura	PSG	1	90.3	40.4	45.2968666673247	13.647344063956183	0	0	0	0	0	0	0
2015	Lucas Moura	PSG	0	79.0	39.2	62.78388844269253	23.61440238498531	0	0	0	0	0	0	0
2015	Lucas Moura	PSG	0	72.5	55.2	100.70768647479397	27.987318556803544	0	1	0	0	0	0	0
2015	Lucas Moura	PSG	0	85.3	47.2	79.21570213243741	14.964290828502367	0	0	0	0	1	1	0
2015	Lucas Moura	PSG	0	80.9	47.0	81.07359207326067	19.334166648707665	0	0	0	0	0	0	0
2015	Lucas Ocampos	Marseille	0	68.9	74.0	127.65751913344648	39.28371163726767	0	0	0	0	0	0	0
2015	Lucas Ocampos	Marseille	0	73.6	58.5	107.84698540829278	27.734635386101623	0	0	0	0	0	0	0
2015	Lucas Ocampos	Marseille	1	91.9	59.9	140.71059313749967	12.791403363196702	0	1	0	0	0	0	0
2015	Lucas Ocampos	Marseille	0	72.2	36.4	63.93172058984669	30.948344059093046	0	0	0	0	0	0	0
2015	Lucas Ocampos	Marseille	0	93.9	44.8	49.553767979158586	8.015609770940696	0	0	0	0	0	0	0
2015	Lucas Ocampos	Marseille	0	92.4	28.0	19.057704510128318	23.275738441561845	0	1	0	0	0	0	0
2015	Lucas Ocampos	Marseille	0	89.8	34.4	33.17851165939275	18.638669480410883	0	1	0	0	0	0	0
2015	Majeed Waris	Lorient	0	84.2	72.6	145.04202363552952	27.575351312358645	0	0	0	0	0	0	0
2015	Majeed Waris	Lorient	0	86.3	40.1	54.14708038487517	16.90266251216062	0	0	0	0	0	0	0
2015	Majeed Waris	Lorient	0	92.4	46.0	62.241459398939966	8.58836422143355	1	1	0	0	0	0	1
2015	Majeed Waris	Lorient	0	96.2	59.8	158.80594351845772	10.510946674776728	0	1	0	0	0	0	0
2015	Majeed Waris	Lorient	0	73.1	39.0	67.75927046252025	29.06217472936257	0	0	0	0	0	0	0
2015	Mana Dembele	Guingamp	0	86.9	41.2	56.108542162752464	15.781318069160124	0	0	0	0	0	0	0
2015	Mana Dembele	Guingamp	0	79.3	33.5	51.441600099335034	26.471494102146938	0	0	0	0	0	0	0
2015	Mana Dembele	Guingamp	0	82.5	42.1	65.70422362934201	19.20052082626927	0	0	0	0	0	0	0
2015	Marcus Coco	Guingamp	0	88.3	32.3	33.46537934635529	21.217445652104313	0	0	0	0	0	0	0
2015	Mario Lemina	Marseille	0	91.6	56.4	127.30394827798341	10.560303025955273	1	1	1	0	0	0	0
2015	Mario Lemina	Marseille	0	80.8	45.2	75.96375653207353	19.790907002964772	0	0	0	0	0	0	0
2015	Mario Lemina	Marseille	0	91.2	57.5	130.44004991258817	11.562439189029273	1	1	0	0	0	0	0
2015	Mario Lemina	Marseille	0	90.4	48.3	79.95797636447047	9.749358953285078	1	1	1	0	0	0	0
2015	Mario Lemina	Marseille	0	72.1	49.3	88.5627730036781	27.908779980500764	0	1	0	0	0	0	0
2015	Mario Lemina	Marseille	0	71.3	34.2	61.166220521627395	32.76171546180084	0	0	0	0	0	0	0
2015	Marko Basa	Lille	0	89.6	47.7	77.52953827833113	10.651291001564088	1	1	1	0	0	0	0
2015	Marko Basa	Lille	0	93.0	50.9	97.32640666016952	7.057619995437555	1	1	1	0	0	0	0
2015	Marko Basa	Lille	0	89.3	56.4	120.8849453307286	12.467958934805651	1	1	1	0	0	0	0
2015	Martin Braithwaite	Toulouse	0	90.4	54.8	116.56505117707799	10.733126291998985	0	1	0	0	0	0	0
2015	Martin Braithwaite	Toulouse	0	94.5	75.4	167.78205949652536	25.98865136939584	0	0	0	0	0	0	0
2015	Martin Braithwaite	Toulouse	0	88.2	72.2	152.00794695540733	25.14120124417288	0	0	0	0	0	0	0
2015	Martin Braithwaite	Toulouse	1	74.3	40.1	68.93261630809151	27.540878707840825	0	0	0	0	0	0	0
2015	Martin Braithwaite	Toulouse	0	93.3	26.0	15.597961584659984	24.917664417035557	0	0	0	0	0	0	0
2015	Martin Braithwaite	Toulouse	0	90.9	46.0	66.27160892404746	9.940321926376424	1	1	0	0	1	0	0
2015	Martin Braithwaite	Toulouse	0	79.9	44.0	73.37924308610795	20.976415327696003	0	0	0	0	0	0	0
2015	Martin Braithwaite	Toulouse	0	88.2	42.9	58.96489135099731	13.771347065556077	1	1	0	0	0	0	0
2015	Martin Braithwaite	Toulouse	0	88.6	66.9	145.9981217862674	20.38553408669982	0	0	0	0	0	0	0
2015	Martin Braithwaite	Toulouse	0	85.2	34.2	43.128255034711245	21.649018453500375	0	0	0	0	0	0	0
2015	Martin Braithwaite	Toulouse	0	92.7	31.9	21.9649555108147	19.51665955024066	0	0	0	0	0	1	0
2015	Martin Braithwaite	Toulouse	0	94.4	33.9	19.179008025810703	17.046113926640288	0	1	0	0	0	0	0
2015	Martin Braithwaite	Toulouse	0	86.1	67.8	142.0137625479227	22.584286572747878	0	1	1	0	0	0	0
2015	Martin Braithwaite	Toulouse	0	86.1	44.0	66.65233147190894	15.139682955729295	0	1	0	0	0	0	0
2015	Martin Braithwaite	Toulouse	0	78.7	65.4	125.86710588837681	26.284025566872362	0	0	0	1	0	0	0
2015	Martin Braithwaite	Toulouse	0	95.5	55.2	139.12759170251175	6.87677249878168	0	0	0	0	0	0	1
2015	Martin Braithwaite	Toulouse	0	90.5	39.5	42.13759477388825	14.159802258506296	1	1	0	0	0	0	0
2015	Martin Braithwaite	Toulouse	0	95.4	52.4	117.55281157671783	5.188448708429133	0	1	0	0	0	0	0
2015	Martin Braithwaite	Toulouse	0	93.7	64.6	156.65947142944194	15.901257811883932	1	1	0	0	0	0	0
2015	Martin Braithwaite	Toulouse	0	85.0	35.8	46.56935480474898	20.655265672462317	0	0	0	0	0	0	0
2015	Martin Braithwaite	Toulouse	0	92.8	35.8	26.88693419247672	15.921055241409098	0	1	0	0	0	0	0
2015	Martin Braithwaite	Toulouse	0	87.8	39.1	48.2210402155005	16.36001222493431	0	0	0	0	0	0	0
2015	Martin Braithwaite	Toulouse	1	93.1	47.2	67.91282839677169	7.44647567645259	0	1	0	0	0	0	0
2015	Mathieu Deplagne	Montpellier	0	88.2	29.3	29.68522928360399	23.827085428142485	0	0	0	0	0	0	0
2015	Mathieu Valbuena	Lyon	0	86.0	72.8	148.44861505168652	26.75518641310503	0	0	0	0	0	0	0
2015	Mathieu Valbuena	Lyon	0	75.3	68.7	127.12881806316898	30.98031633150314	0	0	0	0	0	0	0
2015	Mathieu Valbuena	Lyon	0	88.7	75.6	156.18303700297577	27.983030572116373	0	1	0	0	0	0	0
2015	Mathieu Valbuena	Lyon	0	80.0	69.1	133.68140415717141	27.655198426335684	0	1	1	0	0	0	0
2015	Maxime Barthelme	Lorient	0	78.8	27.2	42.91743472026912	31.13326195566408	0	0	0	0	0	0	0
2015	Maxime Gonalons	Lyon	0	74.9	55.4	102.14151640790948	25.67430622236947	0	1	0	0	1	0	0
2015	Maxime Le Marchand	Nice	1	95.3	54.0	130.3999043337367	6.171709649683792	1	1	1	0	0	0	0
2015	Maxime Poundje	Bordeaux	0	73.3	71.6	128.97246970447873	34.343121582057734	0	1	1	0	0	0	1
2015	Maxime Poundje	Bordeaux	0	73.9	72.3	130.5107800607252	34.329287787543734	0	1	0	0	0	0	0
2015	Maxwell	PSG	0	84.3	49.4	87.81141743959678	15.711460785044785	0	0	0	0	0	0	0
2015	Maxwell Cornet	Lyon	0	90.4	34.0	30.96375653207351	18.65904606350496	0	0	0	0	0	0	0
2015	Maxwell Cornet	Lyon	0	91.9	49.9	89.29268063145574	8.100617260431449	0	0	0	0	0	0	0
2015	Maxwell Cornet	Lyon	0	88.9	38.0	42.76882539196874	16.34655927099033	1	1	1	0	0	0	0
2015	Mehdi Zeffane	Rennes	1	83.8	63.6	130.0136662287645	21.15183207195065	0	0	0	0	0	0	0
2015	Mehdi Zeffane	Rennes	0	85.9	42.3	61.36107745534628	16.06549096666516	0	1	0	0	0	0	0
2015	Mehdi Zeffane	Rennes	0	96.5	59.3	159.37646861667477	9.93680028983173	0	0	0	0	0	0	1
2015	Mexer	Rennes	0	91.6	44.2	55.37584492005108	10.20784012413988	1	1	1	0	0	0	0
2015	Michy	Marseille	0	93.8	57.0	138.46822925891712	9.350935782048769	1	1	0	0	0	0	0
2015	Michy	Marseille	1	91.8	47.9	75.63541755030279	8.464632301523798	0	1	0	0	0	0	0
2015	Michy	Marseille	0	85.6	56.4	113.96248897457818	15.758172482873771	0	0	0	0	0	1	0
2015	Michy	Marseille	0	88.1	47.7	79.06090881680787	12.120231020900555	1	1	0	0	0	0	0
2015	Michy	Marseille	1	87.2	64.5	138.5632680629062	19.34140636044856	0	0	0	0	0	0	0
2015	Michy	Marseille	0	73.3	34.2	59.38463805440519	31.02466760498813	0	0	0	0	0	0	0
2015	Michy	Marseille	0	83.3	60.7	122.64844084996983	19.833809518093094	0	0	0	0	0	0	0
2015	Michy	Marseille	0	92.7	65.2	154.34674101516447	16.86208765248242	0	1	0	0	0	0	0
2015	Michy	Marseille	0	85.5	61.1	127.4346789315677	18.2608871635526	0	0	0	0	0	0	0
2015	Michy	Marseille	0	73.8	60.1	111.08146073261355	28.079351844371338	0	0	0	0	0	0	0
2015	Michy	Marseille	0	88.7	42.7	57.13682445529228	13.452880732393337	0	1	1	0	0	0	0
2015	Michy	Marseille	0	90.9	67.5	152.5255683737229	19.724603925047518	0	0	0	0	0	0	0
2015	Michy	Marseille	0	91.1	52.3	104.48976259388444	9.192388155425123	1	1	1	0	0	0	0
2015	Michy	Marseille	0	86.6	38.9	50.36306942004672	17.40028735394908	0	0	0	0	0	0	0
2015	Milan Gajic	Bordeaux	1	87.0	29.9	32.893422048488176	23.93762728425689	0	1	0	0	0	0	1
2015	Milan Gajic	Bordeaux	0	83.6	39.1	56.39063070166334	19.691876497683	0	1	0	0	0	0	0
2015	Mohamed Wael Larbi	GFC Ajaccio	0	84.1	54.0	104.1210004763876	16.39542619147182	0	0	0	0	0	0	0
2015	Mounir Obbadi	Lille	0	73.2	35.2	61.090816348852165	30.61502898904392	0	1	0	0	0	0	0
2015	Mounir Obbadi	Lille	0	87.0	72.4	149.87095735585805	25.899034731047415	0	0	0	0	0	0	0
2015	Moustapha Bayal Sall	St Etienne	0	60.6	33.5	67.27695529763436	42.7154538779585	0	0	0	0	0	0	0
2015	Mustapha Diallo	Guingamp	0	81.9	57.0	111.14349643822733	19.40644222932168	0	0	0	0	1	0	0
2015	Mustapha Diallo	Guingamp	0	87.0	47.2	77.84505830277779	13.29812016790343	1	0	0	0	0	0	0
2015	Mustapha Diallo	Guingamp	0	93.3	51.5	102.61932229343077	6.865857557508751	1	1	1	0	0	0	0
2015	Mustapha Diallo	Guingamp	0	94.6	51.7	107.47477425625569	5.661271941887271	1	1	1	0	0	0	0
2015	Mustapha Diallo	Guingamp	0	89.0	52.2	101.30993247402023	11.217842929904128	1	0	0	0	0	0	0
2015	Mustapha Diallo	Guingamp	0	94.2	55.0	130.76360520094119	7.657675887630656	1	1	1	0	0	0	0
2015	Mustapha Diallo	Guingamp	0	95.7	54.4	135.65854317756362	6.152235366108807	1	1	1	0	0	0	0
2015	Nabil Dirar	Monaco	0	87.9	66.4	143.57991277538014	20.380628057054572	0	0	0	0	0	1	0
2015	Nabil Dirar	Monaco	0	91.8	41.3	43.30535293146284	11.955333537798104	0	1	0	0	0	0	0
2015	Nabil Dirar	Monaco	0	77.6	26.8	43.99491399474583	32.249030993194204	0	0	0	0	0	0	0
2015	Nabil Fekir	Lyon	1	91.7	34.5	28.168331241758484	17.582377541163197	0	0	0	0	0	0	0
2015	Nabil Fekir	Lyon	0	72.3	56.6	103.40181868737851	28.475428003807075	0	0	0	0	0	0	0
2015	Nabil Fekir	Lyon	0	85.7	27.4	32.32331134144474	26.744158240632665	0	0	0	0	0	0	0
2015	Nabil Fekir	Lyon	0	81.3	56.5	109.16712340048582	19.797474586421373	0	0	0	0	0	0	0
2015	Nabil Fekir	Lyon	0	71.5	41.1	72.65742307178078	29.8573274088623	0	0	0	0	0	0	0
2015	Nabil Fekir	Lyon	1	87.8	68.5	146.5967675221281	22.160550534677608	0	0	0	0	0	0	0
2015	Nabil Fekir	Lyon	1	84.8	52.0	97.49585763972986	15.331014317389442	0	0	0	0	0	0	0
2015	Nabil Fekir	Lyon	1	87.0	49.7	88.67802434046304	13.003461077728499	0	0	0	0	0	0	0
2015	Nabil Fekir	Lyon	0	93.1	56.8	134.58179005850286	9.687620966986685	0	0	0	0	0	0	0
2015	Nabil Fekir	Lyon	0	76.0	29.9	50.053826050064366	31.305111403730862	0	0	0	0	0	0	0
2015	Nabil Fekir	Lyon	0	72.8	27.8	50.779485825155916	35.109542862304544	0	0	0	0	0	0	0
2015	Nabil Fekir	Lyon	0	74.4	31.5	54.14600716893295	31.58496477756465	0	0	0	0	0	0	0
2015	Nabil Fekir	Lyon	0	70.7	50.5	90.97764878502986	29.30426590105952	0	0	0	0	0	0	0
2015	Nabil Fekir	Lyon	0	69.6	45.0	80.65997382719469	30.80844040194181	0	0	0	0	0	0	0
2015	Nabil Fekir	Lyon	0	80.1	66.9	130.33945451741968	26.107853224652548	0	0	0	0	0	0	0
2015	Nabil Fekir	Lyon	0	89.8	28.6	25.48412699041731	23.706539182259394	0	0	0	0	0	0	0
2015	Nampalys Mendy	Nice	0	85.5	57.7	117.96984322711296	16.417673403987546	0	1	0	0	0	0	0
2015	Neal Maupay	St Etienne	0	79.7	36.2	55.7920186301507	24.54648651029307	0	0	0	0	0	0	0
2015	Nicolas Benezet	Guingamp	1	71.7	46.0	81.95494822094996	28.58128758471178	0	0	0	0	0	0	0
2015	Nicolas Benezet	Guingamp	0	81.4	68.5	134.84556431062774	26.233756879257683	0	0	0	0	0	0	0
2015	Nicolas de Preville	Reims	0	72.3	62.4	114.11583964088796	30.34880557781476	0	0	0	0	0	0	0
2015	Nicolas de Preville	Reims	0	71.1	32.2	58.37038010207495	33.9418620585259	0	0	0	0	0	0	1
2015	Nicolas de Preville	Reims	0	94.4	47.6	66.8014094863518	6.092618484691121	0	0	0	0	0	0	0
2015	Nicolas de Preville	Reims	1	94.6	51.5	105.52411099675425	5.604462507680827	0	0	0	0	0	0	0
2015	Nicolas de Preville	Reims	0	73.0	66.0	120.65066795705286	31.38470965295043	0	0	0	0	0	0	0
2015	Nicolas de Preville	Reims	0	92.6	41.9	42.41420565757553	10.971326264403958	1	1	0	0	0	0	0
2015	Nicolas de Preville	Reims	0	89.5	40.0	46.39718102729638	14.5	0	0	0	0	0	0	1
2015	Nicolas de Preville	Reims	0	92.2	55.8	126.63411387596742	9.72008230417829	1	1	0	0	0	0	0
2015	Nicolas de Preville	Reims	0	89.4	72.0	154.27438735663435	24.420483205702542	0	1	1	0	0	0	0
2015	Nicolas de Preville	Reims	0	94.6	31.3	16.10713373388087	19.464069461446137	0	0	0	0	1	0	0
2015	Nicolas de Preville	Reims	1	85.9	41.1	57.73964679248209	16.6739317498903	0	0	0	0	0	0	0
2015	Nicolas Maurice-Belay	Bordeaux	0	94.1	57.7	142.5394451395093	9.700515450222225	0	1	1	0	0	0	0
2015	Nicolas Maurice-Belay	Bordeaux	0	87.7	45.0	67.87805802811815	13.27742444904131	0	1	1	0	0	0	0
2015	Nicolas Maurice-Belay	Bordeaux	0	78.6	60.7	116.56505117707799	23.925927359247755	0	1	0	0	0	0	0
2015	Nicolas Pallois	Bordeaux	0	74.9	59.1	109.92810259046463	26.698689106396213	0	0	0	0	0	0	0
2015	Nicolas Pallois	Bordeaux	0	77.4	68.7	129.6054993449572	29.333428030150174	0	0	0	0	0	0	0
2015	Nicolas Seube	Caen	0	80.7	37.1	56.241478767626475	23.214219780126143	0	0	0	0	0	0	0
2015	Nill de Pauw	Guingamp	0	81.8	24.8	35.8376529542783	31.085044635644326	0	0	0	0	0	0	0
2015	Nill de Pauw	Guingamp	0	75.8	48.3	85.98169100640591	24.259637260272463	0	1	0	0	0	0	0
2015	Nill de Pauw	Guingamp	0	71.5	36.2	64.16324577599843	31.665280671423076	0	0	0	0	0	0	0
2015	Nill de Pauw	Guingamp	0	71.8	53.4	96.87481802870425	28.40422503783548	0	0	0	0	0	0	0
2015	Nolan Roux	St Etienne	0	87.4	52.6	101.65929265352301	12.865457628860307	1	1	0	0	0	0	0
2015	Nolan Roux	St Etienne	0	90.0	44.4	60.751173663453024	11.461239025515523	0	1	0	0	0	0	0
2015	Nolan Roux	St Etienne	0	84.5	38.3	52.95308197143841	19.42009268772938	0	0	0	0	0	0	0
2015	Nolan Roux	St Etienne	0	75.6	64.2	120.1980019165662	28.231188426986215	0	0	0	0	0	0	0
2015	Nolan Roux	St Etienne	0	76.7	31.9	52.15908042307681	29.50423698386386	0	0	0	0	0	0	0
2015	Nolan Roux	St Etienne	0	91.6	54.2	116.56505117707799	9.391485505499123	0	0	0	0	0	0	0
2015	Nolan Roux	St Etienne	0	95.4	58.5	151.57879077547318	9.664884893261789	1	1	1	0	1	0	0
2015	Nolan Roux	St Etienne	0	73.2	54.2	98.90674418377976	27.127108213003464	0	0	0	0	0	0	0
2015	Nolan Roux	St Etienne	0	95.4	46.0	48.99091309842975	6.095900261651264	0	0	0	0	0	0	0
2015	Nolan Roux	St Etienne	0	92.0	56.8	130.36453657309735	10.499523798725347	0	0	0	0	0	0	0
2015	Nolan Roux	St Etienne	0	86.8	62.0	132.27368900609375	17.839282496782207	1	1	0	0	0	0	0
2015	Ola Toivonen	Rennes	0	79.3	57.0	108.68369883535044	21.851544567833187	0	0	0	0	0	0	0
2015	Ola Toivonen	Rennes	0	76.7	50.9	92.21204200204835	23.317375495539796	0	0	0	0	0	0	0
2015	Omenuke Mfulu	Reims	0	77.9	51.7	94.39870535499556	22.165288177689	0	0	0	0	0	0	0
2015	Óscar Trejo	Toulouse	0	78.6	58.3	111.19880619383456	22.9532132826757	0	0	0	0	0	0	0
2015	Óscar Trejo	Toulouse	0	81.2	69.0	135.30314944371415	26.729010456805163	0	1	1	0	0	0	1
2015	Óscar Trejo	Toulouse	0	80.1	48.9	86.83611638111925	19.93037882229036	0	0	0	0	0	0	0
2015	Pablo Martinez	GFC Ajaccio	0	91.3	57.7	131.5106750942036	11.618089343777664	1	1	1	0	0	0	0
2015	Paul Baysse	Nice	0	90.1	50.9	95.19442890773479	9.940824915468541	1	1	1	0	0	0	0
2015	Paul Lasne	Montpellier	0	77.0	34.8	56.54049774660934	27.568822970885066	0	0	0	0	0	0	0
2015	Paul Lasne	Montpellier	0	91.6	31.1	23.9624889745782	20.68260138377182	0	1	0	0	0	0	0
2015	Pedro Henrique	Rennes	0	75.1	47.9	85.17923392190734	24.988397307550564	0	0	0	0	0	0	0
2015	Pedro Henrique	Rennes	0	79.3	43.8	73.32615282973003	21.608563117431018	0	1	0	0	0	0	0
2015	Pedro Henrique	Rennes	0	79.9	57.5	110.46227152342222	21.453671014537342	0	1	0	0	0	0	0
2015	Pedro Henrique	Rennes	1	84.9	66.0	136.65761459510978	22.000227271553353	0	0	0	0	0	0	0
2015	Pedro Henrique	Rennes	0	75.4	64.0	119.64445058557818	28.304769916040648	0	0	0	0	0	0	0
2015	Pedro Henrique	Rennes	0	70.2	40.5	72.31813736508431	31.277627787285912	0	0	0	0	0	0	0
2015	Pedro Henrique	Rennes	0	89.0	45.0	65.55604521958347	12.083045973594572	0	1	0	0	0	0	1
2015	Pierre-Yves Polomat	St Etienne	0	80.7	31.7	46.523464791651826	26.596616326141937	0	0	0	0	0	0	0
2015	Prince Oniangué	Reims	0	74.3	56.4	103.98377482003544	26.484901359076268	0	0	0	0	0	0	0
2015	Prince Oniangué	Reims	0	70.6	73.2	128.27752348816549	37.45130171302461	0	0	0	0	0	0	0
2015	Prince Oniangué	Reims	0	93.3	59.3	144.2298862437277	11.462111498323509	1	1	1	0	0	0	0
2015	Prince Oniangué	Reims	0	72.6	42.9	75.47280214291862	28.304946564160836	0	0	0	0	0	0	0
2015	Rafael	Lyon	0	76.0	42.7	73.08198714792194	25.08565327034558	0	1	0	0	0	0	0
2015	Rami Bensebaini	Montpellier	0	89.6	59.9	133.58905917961724	14.35862110371327	1	1	0	0	0	0	0
2015	Rami Bensebaini	Montpellier	0	68.9	53.2	95.87471172607646	31.264196775225166	0	1	0	0	0	0	0
2015	Raphael Guerreiro	Lorient	0	73.8	53.2	96.96346852648806	26.394696436973852	0	0	0	0	0	0	0
2015	Raphael Guerreiro	Lorient	0	72.9	31.3	55.392892161295435	32.925673873134315	0	0	0	0	0	0	0
2015	Raphael Guerreiro	Lorient	0	93.0	48.7	79.47921568612566	7.119691004531025	0	1	0	0	0	0	0
2015	Raphael Guerreiro	Lorient	0	84.5	52.2	98.07834466316402	15.655350523063992	0	1	0	0	0	0	0
2015	Raphael Guerreiro	Lorient	0	85.9	72.0	147.34382051082375	26.130633363927476	0	0	0	0	0	0	0
2015	Raphael Guerreiro	Lorient	0	95.0	71.3	166.78947002162548	21.878985351245152	0	0	0	0	0	0	0
2015	Raphael Guerreiro	Lorient	0	91.2	73.8	159.708232332006	25.374790639530403	0	0	0	0	0	0	0
2015	Raphael Guerreiro	Lorient	0	76.4	31.1	51.31059682110746	30.23524433504713	0	0	0	0	0	0	0
2015	Rémy Cabella	Marseille	0	74.4	70.9	129.22841499761753	33.04799540062906	0	0	0	0	0	0	0
2015	Renato Civelli	Lille	0	92.8	43.6	48.36646066342982	9.633275663033837	0	0	0	0	0	0	0
2015	Renato Civelli	Lille	0	96.4	55.0	144.2461127455633	6.161168720299742	1	1	1	0	0	0	0
2015	Renato Civelli	Lille	0	95.6	53.6	129.28940686250033	5.685068161420763	1	1	1	0	0	0	0
2015	Renato Civelli	Lille	0	91.6	45.8	63.43494882292201	9.391485505499123	1	1	1	0	0	0	0
2015	Ricardo Carvalho	Monaco	0	90.4	44.8	61.55707137563662	10.917875251164942	1	1	0	0	0	0	0
2015	Rio Mavuba	Lille	0	84.3	64.3	132.32813540672743	21.23628969476542	0	0	0	0	0	0	0
2015	Rio Mavuba	Lille	0	72.2	54.0	98.18780201190451	28.086295590554474	0	0	0	0	0	0	0
2015	Roderic Filippi	GFC Ajaccio	0	89.7	40.3	46.718358001655446	14.148498153514387	1	1	1	0	0	0	0
2015	Roderic Filippi	GFC Ajaccio	0	85.3	55.0	108.78502051259542	15.527073130503382	1	0	0	0	0	0	0
2015	Romain Alessandrini	Marseille	0	83.4	57.5	114.31379648656545	18.21565260977492	0	1	0	0	0	0	0
2015	Romain Alessandrini	Marseille	1	92.2	60.8	144.16234704572173	13.322161986704707	0	0	0	0	0	0	0
2015	Romain Alessandrini	Marseille	0	80.3	41.7	67.15334473777801	21.37709054104417	0	0	0	0	0	0	0
2015	Romain Alessandrini	Marseille	0	78.8	21.5	36.64407085545006	35.520275899829386	0	0	0	0	0	0	0
2015	Romain Alessandrini	Marseille	0	88.2	37.7	43.81146139079119	17.044940598312447	0	1	0	0	0	0	0
2015	Romain Alessandrini	Marseille	0	70.8	61.1	110.813649086712	31.23859791988111	0	0	0	0	0	0	0
2015	Romain Alessandrini	Marseille	0	84.5	54.0	104.4702941000659	16.00781059358212	0	1	0	0	0	0	0
2015	Romain Alessandrini	Marseille	0	93.4	22.9	13.687490856324247	27.892113580723855	0	0	0	1	0	0	0
2015	Romain Alessandrini	Marseille	0	71.4	49.5	88.99842756434423	28.60437029546359	0	0	0	0	0	0	0
2015	Romain Alessandrini	Marseille	0	78.4	36.2	57.425942865427494	25.632011235952586	0	0	0	0	0	0	0
2015	Romain Alessandrini	Marseille	0	84.1	32.3	41.93351449887411	23.792856070678027	0	0	1	0	0	0	0
2015	Romain Alessandrini	Marseille	0	88.7	37.8	42.80676542362444	16.629191201017566	0	0	0	0	0	0	0
2015	Romain Alessandrini	Marseille	0	74.4	19.7	40.193948413604495	39.666736694616056	0	0	0	0	0	0	0
2015	Romain Hamouma	St Etienne	1	89.8	48.7	82.73675525941546	10.282509421342635	0	0	0	0	0	0	0
2015	Romain Hamouma	St Etienne	0	84.8	36.0	47.353296866108316	20.664946164943185	0	1	1	0	0	0	0
2015	Romain Hamouma	St Etienne	0	84.4	39.3	55.55387369826952	18.91692363995795	0	0	0	0	0	0	0
2015	Romain Hamouma	St Etienne	1	83.6	70.1	140.7882928179849	25.94166532819356	0	0	0	0	0	0	0
2015	Romain Hamouma	St Etienne	0	74.3	38.0	64.97090294817332	28.363532925219314	0	0	0	0	0	0	0
2015	Romain Hamouma	St Etienne	0	77.4	32.7	52.56642348275331	28.46137733842127	0	0	0	0	0	0	0
2015	Romain Philippoteaux	Lorient	0	73.5	50.9	91.94514676141429	26.51527861441399	0	0	0	0	0	0	0
2015	Romain Saiss	Angers	0	93.8	38.2	27.718501628183372	13.329666162361304	0	1	1	0	0	0	0
2015	Romain Saiss	Angers	0	74.8	56.6	104.67639313745002	26.049952015310897	0	1	0	0	0	0	0
2015	Ronny Rodelin	Lille	0	64.7	55.8	99.33066853459836	35.77331407627758	0	0	0	0	0	0	0
2015	Ronny Rodelin	Lille	0	75.4	65.2	121.711345865238	28.917122955093575	0	0	0	0	0	0	0
2015	Ronny Rodelin	Lille	0	76.2	53.2	97.6577096937139	24.014162487998615	0	0	0	0	0	0	0
2015	Ronny Rodelin	Lille	0	89.8	40.7	47.64254529406474	13.80326048439281	1	1	0	0	0	0	0
2015	Ronny Rodelin	Lille	0	80.3	64.0	125.39988157012132	24.167953988701655	0	0	0	0	0	0	0
2015	Ryad Boudebouz	Montpellier	0	88.8	48.5	82.3718503314193	11.300000000000002	1	1	0	0	0	0	0
2015	Ryad Boudebouz	Montpellier	0	88.2	56.4	118.47420361007437	13.423859355639864	1	1	0	0	0	0	0
2015	Ryad Boudebouz	Montpellier	0	71.9	43.5	76.97560369958362	28.841983288255328	0	0	0	0	0	0	0
2015	Ryan Mendes	Lille	0	77.4	23.9	40.88930116434742	34.52491853719571	0	0	0	0	0	0	0
2015	Samuel Umtiti	Lyon	0	89.0	48.2	80.70669140060289	11.146299834474219	1	0	0	0	0	0	0
2015	Sébastien Corchia	Lille	0	72.8	68.5	124.22146339732627	32.89513641862578	0	0	0	0	0	0	0
2015	Sébastien Corchia	Lille	0	70.2	58.7	106.27496975875515	31.04400103079498	0	0	0	0	0	0	0
2015	Sehrou Guirassy	Lille	0	82.2	52.6	98.3102771675242	17.988885457415083	0	0	0	0	0	0	0
2015	Sehrou Guirassy	Lille	0	83.1	47.6	81.91736721204417	17.069563556224868	0	0	0	0	0	0	0
2015	Sehrou Guirassy	Lille	0	96.7	41.3	20.77225468204581	9.304837451562495	0	1	0	0	0	0	0
2015	Seko Fofana	Bastia	0	75.5	57.3	106.59190869167986	25.564428411368795	0	0	0	0	0	0	0
2015	Seko Fofana	Bastia	0	71.3	43.4	77.04913156775136	29.449108645254448	0	0	0	0	0	0	0
2015	Seko Fofana	Bastia	0	79.6	45.6	77.82854179141253	20.869115937192937	0	0	0	0	0	0	0
2015	Seko Fofana	Bastia	0	76.3	52.8	96.73788859475084	23.86482767589157	0	0	0	0	0	0	0
2015	Seko Fofana	Bastia	0	72.1	57.0	104.0845535572479	28.76473535424931	0	0	0	0	0	0	0
2015	Serge Aurier	PSG	0	91.9	53.4	112.77037890876223	8.78464569575802	1	0	0	0	0	0	0
2015	Serge Aurier	PSG	0	87.4	36.1	42.191515122653996	18.760863519571796	0	0	0	0	0	1	0
2015	Serge Aurier	PSG	0	91.7	26.0	19.07709131980772	25.39468448317482	0	0	0	0	0	0	0
2015	Slimane Sissoko	Angers	0	93.5	31.9	19.754026438430557	19.231744590650116	0	0	0	0	0	0	0
2015	Slimane Sissoko	Angers	0	86.0	36.0	45.0	19.79898987322333	0	0	0	0	0	0	0
2015	Sloan Privat	Guingamp	0	86.7	66.0	140.26494675460583	20.80600874747485	0	0	0	0	0	0	0
2015	Sloan Privat	Guingamp	0	85.5	45.6	73.11966983447614	15.15288751360611	0	1	0	0	0	0	0
2015	Sloan Privat	Guingamp	0	86.3	71.4	147.37316003419338	25.4096438385114	0	0	0	0	0	0	0
2015	Sloan Privat	Guingamp	0	90.1	51.9	100.86405992208772	10.080674580602238	1	1	0	0	0	0	0
2015	Sloan Privat	Guingamp	1	89.7	46.4	70.73473569081997	10.911003620199196	0	0	0	0	0	0	0
2015	Sofiane Boufal	Lille	0	90.2	39.3	42.486189763822246	14.509651959988565	0	1	0	0	0	0	0
2015	Sofiane Boufal	Lille	0	79.6	65.8	127.7581331410838	25.803100588882728	0	1	0	0	0	0	0
2015	Sofiane Boufal	Lille	0	87.9	38.0	45.23774045929299	17.04142012861604	0	0	0	0	0	0	0
2015	Sofiane Boufal	Lille	0	91.9	72.2	159.954750574579	23.631546711969577	0	0	0	0	0	0	0
2015	Sofiane Boufal	Lille	0	92.3	81.8	166.38847654734172	32.71895475103078	0	0	0	0	0	0	0
2015	Sofiane Boufal	Lille	0	73.7	67.3	123.33670596513612	31.479834815322647	0	0	0	0	0	0	0
2015	Sofiane Boufal	Lille	1	90.1	60.9	137.75248540026868	14.724808997063429	0	0	0	0	0	0	0
2015	Sofiane Boufal	Lille	0	82.2	48.1	83.90722834266394	17.901117283566407	0	1	0	0	0	0	0
2015	Somália	Toulouse	0	81.8	48.3	84.66367990260855	18.27922317824256	0	1	0	0	0	0	0
2015	Somália	Toulouse	0	94.5	64.8	159.61384540041917	15.788920165736474	0	0	0	0	0	0	0
2015	Soualiho Meité	Lille	0	94.5	51.1	101.30993247402023	5.608921464952064	0	1	1	0	0	0	0
2015	Souleymane Camara	Montpellier	0	69.7	52.1	93.96465472285612	30.372685096974877	0	0	0	0	0	0	0
2015	Souleymane Camara	Montpellier	0	81.9	48.7	85.89188782286415	18.146625030566973	0	1	0	0	0	0	0
2015	Souleymane Camara	Montpellier	0	90.6	80.0	162.60248711439493	31.438193332314757	0	0	0	0	0	0	0
2015	Souleymane Camara	Montpellier	0	76.3	48.3	85.89720307675798	23.76089223913951	0	0	0	0	0	0	1
2015	Souleymane Camara	Montpellier	0	86.7	57.3	118.76115837030773	15.171684151734766	0	1	0	0	0	0	1
2015	Steed Malbranque	Lyon	0	89.2	54.8	113.96248897457818	11.818629362155322	1	0	0	0	0	0	0
2015	Stéphane Darbion	Troyes	0	79.5	27.0	41.710757321508176	30.80990100600779	0	0	0	0	0	0	0
2015	Stéphane Darbion	Troyes	0	85.0	53.0	101.30993247402021	15.297058540778355	0	1	0	0	0	0	0
2015	Stéphane Darbion	Troyes	0	84.9	31.8	39.681487302469456	23.64846718077093	0	0	0	0	0	0	0
2015	Stéphane Darbion	Troyes	0	71.0	31.7	57.74666133424868	34.29125252888847	0	1	0	0	0	0	0
2015	Stephan El Shaarawy	Monaco	0	79.2	74.4	139.55376797915864	32.0624390837628	0	0	0	0	0	0	1
2015	Stephan El Shaarawy	Monaco	0	80.8	63.2	124.50852298766841	23.299785406737122	0	0	0	0	0	0	0
2015	Stephan El Shaarawy	Monaco	0	86.6	40.3	54.099950359783776	16.542369842317036	0	0	0	0	0	0	0
2015	Stephan El Shaarawy	Monaco	0	80.7	51.7	95.03378695620005	19.3747258045114	0	1	1	0	0	0	0
2015	Stephan El Shaarawy	Monaco	0	86.3	59.6	125.02007885425544	16.728717822953442	0	1	0	0	0	0	0
2015	Stephan El Shaarawy	Monaco	0	78.6	72.1	135.92192147763882	30.7631272792608	0	0	0	0	0	0	0
2015	Stephan El Shaarawy	Monaco	0	90.8	33.1	28.562931033554676	19.241881404893856	0	0	0	0	0	0	0
2015	Stephan El Shaarawy	Monaco	0	85.1	71.4	145.15198397076307	26.076234390724448	0	1	1	0	0	0	0
2015	Stephan El Shaarawy	Monaco	0	84.8	50.1	90.37694047959714	15.20032894380908	0	1	0	0	0	0	0
2015	Stephane Sparagna	Marseille	0	90.8	58.1	131.36181342213536	12.257650672131266	1	0	0	0	0	0	0
2015	Sylvain Armand	Rennes	0	92.3	56.8	131.44826664517956	10.27277956543408	1	1	1	0	0	0	0
2015	Sylvain Armand	Rennes	0	80.1	35.8	54.48956698938306	24.44688119167761	0	0	0	0	0	0	0
2015	Sylvain Armand	Rennes	0	88.3	66.9	145.30484646876604	20.554804791094472	1	1	1	0	0	0	0
2015	Sylvain Armand	Rennes	0	69.5	59.1	106.61303337592317	31.82860348805772	0	0	0	0	0	0	0
2015	Sylvain Armand	Rennes	1	95.6	43.7	34.93093730111063	7.684399781375252	0	0	0	0	0	0	0
2015	Theoson Siebatcheu	Reims	1	89.8	36.4	36.86989764584403	17.000000000000004	0	0	0	0	0	0	1
2015	Theoson Siebatcheu	Reims	0	92.6	39.7	35.69522765935671	12.68266533501535	0	1	0	0	0	0	0
2015	Theoson Siebatcheu	Reims	0	84.1	35.6	47.83411101630653	21.45157336886971	0	0	0	0	0	0	0
2015	Theoson Siebatcheu	Reims	0	90.2	30.1	26.218508349387406	22.18220007122828	0	0	0	0	0	0	0
2015	Thiago Motta	PSG	0	71.1	42.3	75.08092307140524	29.90819285747637	0	0	0	0	0	0	0
2015	Thiago Silva	PSG	0	88.2	40.7	51.757097544505896	15.024313628249374	0	1	1	0	0	0	0
2015	Thiago Silva	PSG	0	92.6	57.4	134.99999999999997	10.465180361560906	1	1	1	0	0	0	0
2015	Thiago Silva	PSG	1	91.6	46.6	67.96377305985457	9.062008607367359	1	1	1	0	0	0	0
2015	Thiago Xavier	Troyes	0	93.1	51.3	100.66978280449665	7.021395872616788	0	0	0	0	0	0	0
2015	Thiago Xavier	Troyes	1	93.7	55.8	132.6337520085442	8.563293758829014	0	0	0	0	0	0	0
2015	Thibault Giresse	Guingamp	0	72.7	63.9	116.98326111857509	30.634947364080777	0	0	0	0	0	0	0
2015	Thibault Giresse	Guingamp	0	81.6	22.5	33.78612071263048	33.087913201046696	0	0	0	0	0	0	0
2015	Thomas Ayasse	Troyes	0	91.6	49.3	85.23635830927381	8.429116205154614	1	1	1	0	0	0	0
2015	Thomas Ayasse	Troyes	0	89.0	63.8	141.44160009933503	17.647662734764623	0	0	0	0	0	0	0
2015	Thomas Lemar	Monaco	1	77.7	46.2	80.32948183507528	22.621449997734448	0	0	0	0	0	0	0
2015	Thomas Lemar	Monaco	0	80.1	34.4	51.9064070820618	25.285766747322498	0	1	0	0	0	0	0
2015	Thomas Mangani	Angers	0	81.0	35.6	52.84170321510307	23.840302011509834	0	1	0	0	0	0	0
2015	Thomas Mangani	Angers	1	81.1	50.3	90.90938044919913	18.90238080242804	0	0	0	0	0	0	0
2015	Thomas Touré	Bordeaux	0	78.6	29.1	45.6772235375537	29.91270633025371	0	0	0	0	0	0	0
2015	Thomas Touré	Bordeaux	0	91.5	68.6	155.4401089562989	20.45018337326098	0	0	0	0	0	0	0
2015	Thomas Touré	Bordeaux	0	75.5	26.4	46.07193731832986	34.0177894637497	0	0	0	0	0	0	0
2015	Thomas Touré	Bordeaux	0	76.8	77.7	140.05230642934774	36.13211867577101	0	0	0	0	0	0	0
2015	Thomas Touré	Bordeaux	0	76.0	59.3	111.18134950026624	25.73888109456198	0	0	0	0	0	0	0
2015	Thomas Touré	Bordeaux	0	92.4	61.7	146.993348723587	13.951702405083044	0	1	0	0	0	0	0
2015	Thomas Touré	Bordeaux	0	67.4	46.0	83.00480770274201	32.84448203275551	0	0	0	0	0	0	1
2015	Tongo Doumbia	Toulouse	0	92.9	64.5	153.9110800745639	16.14496825639493	0	1	0	0	0	0	0
2015	Tongo Doumbia	Toulouse	1	92.3	46.6	66.1757394171046	8.417244204607588	0	1	0	0	0	0	0
2015	Tongo Doumbia	Toulouse	0	78.6	43.4	72.85965069524227	22.39464221638739	0	1	0	0	0	0	0
2015	Tongo Doumbia	Toulouse	0	79.2	51.3	93.57633437499734	20.840585404445815	0	1	0	0	0	0	0
2015	Uros Spajic	Toulouse	0	90.1	44.4	60.50504418231232	11.374093370462552	1	1	0	0	0	0	0
2015	Valentin Eysseric	Nice	0	91.9	28.4	20.55604521958345	23.068810112357333	0	0	0	0	0	0	0
2015	Valentin Eysseric	St Etienne	0	84.6	65.8	135.73452103425478	22.06354459283458	0	0	0	0	0	0	0
2015	Valentin Eysseric	St Etienne	1	73.4	31.2	54.74859424168535	32.57299494980466	0	0	0	0	0	0	0
2015	Valentin Eysseric	St Etienne	0	75.2	57.7	107.24872582623306	25.967864756271354	0	0	0	0	0	0	0
2015	Valentin Eysseric	St Etienne	0	73.0	60.1	110.50952003329034	28.82724405835563	0	0	0	0	0	0	0
2015	Valentin Rongier	Nantes	0	72.8	21.3	43.46291501892711	39.5414971896614	0	0	0	0	0	0	0
2015	Valentin Rongier	Nantes	0	86.0	58.5	121.26373169437744	16.3783393541592	0	1	0	0	0	0	0
2015	Valentin Rongier	Nantes	0	80.3	73.8	140.38438520972647	30.89546892345219	0	1	0	0	0	0	0
2015	Valère Germain	Nice	0	86.7	44.4	67.16634582208245	14.43086968966181	0	0	0	0	0	0	0
2015	Valère Germain	Nice	0	90.2	30.1	26.218508349387406	22.18220007122828	0	0	0	0	0	0	0
2015	Valère Germain	Nice	0	87.7	56.4	117.4890965298507	13.865424623862044	0	0	0	0	0	0	0
2015	Valère Germain	Nice	0	87.4	34.4	38.92754359279228	20.052929960482082	0	0	0	0	0	0	0
2015	Valère Germain	Nice	0	73.3	50.1	90.21458993112941	26.700187265260894	0	0	0	0	0	0	0
2015	Valère Germain	Nice	1	87.1	50.5	92.2196555531979	12.909686285886274	0	1	0	0	0	0	0
2015	Valère Germain	Nice	0	76.3	45.8	79.95065141187511	24.069275020241058	0	0	0	0	0	0	0
2015	Valère Germain	Nice	1	95.6	53.6	129.28940686250033	5.685068161420763	1	1	0	0	0	0	0
2015	Vincent Bessat	Caen	0	87.7	28.0	29.209158813451733	25.204959829366917	0	1	0	0	0	0	0
2015	Vincent Bessat	Caen	0	80.5	60.6	118.52804939627518	22.194819215303376	0	1	1	0	0	0	0
2015	Vincent Bessat	Caen	0	93.4	39.7	32.65080229659555	12.233151678941935	0	0	0	0	0	0	0
2015	Vincent Bessat	Caen	0	72.0	30.7	55.42205917016504	34.00720511891561	0	0	0	0	0	0	1
2015	Vincent Bessat	Caen	0	81.8	73.0	141.64527821027443	29.32984827782101	0	0	0	0	0	0	0
2015	Vincent Bessat	Caen	0	87.9	40.5	51.863691914627026	15.383757668398182	0	1	0	0	0	0	0
2015	Vincent Bessat	Caen	0	90.4	58.5	131.52221348020186	12.82224629306425	1	1	0	0	0	0	1
2015	Vincent Bessat	Caen	0	78.5	58.4	111.34047188823926	23.082677487674605	0	0	0	0	0	0	0
2015	Vincent Koziello	Nice	0	75.1	43.8	76.01791131699893	25.660280590827536	0	0	1	0	0	0	0
2015	Vincent Le Goff	Lorient	0	70.9	71.9	126.96428928946524	36.420049423360204	0	0	0	0	0	0	0
2015	Vincent Le Goff	Lorient	0	71.0	51.3	92.56671313505957	29.029123307464868	0	0	0	0	0	0	0
2015	Vincent Le Goff	Lorient	0	84.8	71.5	144.7405776692712	26.330400680582134	0	1	0	0	0	0	0
2015	Wahbi Khazri	Bordeaux	0	74.8	49.7	89.31793960682737	25.201785651020845	0	0	0	0	0	0	0
2015	Wahbi Khazri	Bordeaux	1	92.7	51.1	98.56914187983766	7.3824115301166975	0	1	0	0	0	0	0
2015	Wahbi Khazri	Bordeaux	1	92.4	42.9	46.94808500651492	10.400480758118825	0	0	0	0	0	0	0
2015	Wahbi Khazri	Bordeaux	0	74.0	51.9	94.17956987342981	26.06933063966162	0	0	0	0	0	0	0
2015	Wahbi Khazri	Bordeaux	0	82.5	62.2	124.88200539614091	21.332838535928595	0	0	0	0	0	0	0
2015	Walid Mesloub	Lorient	0	75.4	59.6	111.31791227546157	26.40681730159846	0	0	0	0	0	0	0
2015	Walid Mesloub	Lorient	0	78.9	34.1	52.99998347221897	26.42006813011654	0	1	0	0	0	0	0
2015	William Remy	Montpellier	0	71.1	70.7	125.6126231769787	35.54855833926322	0	0	0	0	0	0	0
2015	Wissam Ben Yedder	Toulouse	0	92.8	50.3	92.3859440303888	7.206247289678591	1	1	1	0	0	0	1
2015	Wissam Ben Yedder	Toulouse	0	67.4	50.3	90.52724689166735	32.60138033887522	0	0	0	0	0	0	0
2015	Wissam Ben Yedder	Toulouse	0	94.3	37.5	24.512985806669306	13.738267721950976	1	1	0	0	0	0	0
2015	Wissam Ben Yedder	Toulouse	1	78.1	72.6	135.90120759717368	31.4701445818096	0	0	0	0	0	0	0
2015	Wissam Ben Yedder	Toulouse	0	86.6	36.2	44.1574757392596	19.235384061671347	0	0	0	0	0	0	0
2015	Wissam Ben Yedder	Toulouse	0	89.4	64.4	143.64280258000457	17.88071586933812	0	0	0	0	0	0	0
2015	Yacouba Sylla	Rennes	0	89.2	36.0	37.64762064010764	17.681628884240272	0	1	0	0	0	0	0
2015	Yannick Cahuzac	Bastia	0	91.1	38.9	38.72270151040246	14.22743827960607	0	0	0	0	0	0	0
2015	Yannick Cahuzac	Bastia	0	84.6	47.0	78.97654403625687	15.689486925964156	0	1	1	0	0	0	1
2015	Yannis Salibur	Guingamp	0	91.6	70.1	157.31944039297508	21.784627607558498	0	1	0	0	0	0	0
2015	Yannis Salibur	Guingamp	0	94.0	64.9	158.06611495893696	16.062689687595917	0	1	1	0	0	0	0
2015	Yannis Salibur	Guingamp	0	73.7	50.9	91.95992725912637	26.31539473388153	0	0	0	0	0	0	0
2015	Yannis Salibur	Guingamp	0	81.4	61.5	121.72765499300351	21.868013169924694	0	1	0	0	0	0	1
2015	Yannis Salibur	Guingamp	0	96.7	27.0	8.164975009322184	23.235533133543548	0	0	0	0	0	0	0
2015	Yannis Salibur	Guingamp	0	81.6	60.9	120.64213163716472	21.38621051051355	0	0	0	0	0	0	0
2015	Yannis Salibur	Guingamp	0	77.0	33.1	53.69220128819753	28.54137347781287	0	0	0	0	0	0	0
2015	Yannis Salibur	Guingamp	0	86.1	75.6	151.4994225161942	29.13022485323448	0	1	0	0	0	0	0
2015	Yannis Salibur	Guingamp	0	84.2	75.8	148.51656810879132	30.253594827722534	0	1	1	0	0	0	0
2015	Yannis Salibur	Guingamp	0	74.8	29.1	50.32887319640608	32.739120330271554	0	0	0	0	0	0	0
2015	Yoann Court	Troyes	0	74.1	45.4	79.92893304115012	26.30532265531066	0	0	0	0	0	0	0
2015	Yoann Court	Troyes	0	73.7	76.7	135.4324127675377	37.477726718679186	0	0	0	0	0	0	0
2015	Yohan Mollo	St Etienne	0	71.5	62.4	113.51326632463865	31.080701407786794	0	1	0	0	0	0	0
2015	Younousse Sankhare	Guingamp	0	93.6	68.4	160.82099197418927	19.481273059017482	0	0	0	0	0	0	0
2015	Younousse Sankhare	Guingamp	0	81.9	50.9	92.84661691581611	18.12236187697398	0	0	0	0	0	0	0
2015	Younousse Sankhare	Guingamp	0	86.4	49.7	88.73632744834174	13.603308421115793	1	1	0	0	0	0	0
2015	Younousse Sankhare	Guingamp	0	80.3	35.8	54.21547738983382	24.28435710493486	0	0	0	0	0	0	0
2015	Younousse Sankhare	Guingamp	0	80.1	66.7	130.00323933542865	25.978837541352775	0	0	0	0	0	0	0
2015	Zlatan Ibrahimovic	PSG	0	93.6	40.6	34.24903300681198	11.371895180663602	1	1	0	0	0	0	0
2015	Zlatan Ibrahimovic	PSG	0	84.7	65.8	135.9210746585506	21.99386278033033	0	0	0	0	1	1	0
2015	Zlatan Ibrahimovic	PSG	0	88.8	63.2	139.6858998395027	17.311268006705923	0	1	0	0	0	0	0
